country,date,day,month,year,ICU_admission_value,daily_vaccinations
Austria,27/12/2020,27,12,2020,414,0
Austria,28/12/2020,28,12,2020,421,1318
Austria,29/12/2020,29,12,2020,411,1482
Austria,30/12/2020,30,12,2020,395,1446
Austria,31/12/2020,31,12,2020,396,1088
Austria,1/01/2021,1,1,2021,385,872
Austria,2/01/2021,2,1,2021,385,728
Austria,3/01/2021,3,1,2021,363,625
Austria,4/01/2021,4,1,2021,368,455
Austria,5/01/2021,5,1,2021,371,478
Austria,6/01/2021,6,1,2021,361,405
Austria,7/01/2021,7,1,2021,373,872
Austria,8/01/2021,8,1,2021,371,2757
Austria,9/01/2021,9,1,2021,369,3399
Austria,10/01/2021,10,1,2021,372,3720
Austria,11/01/2021,11,1,2021,379,4514
Austria,12/01/2021,12,1,2021,378,6403
Austria,13/01/2021,13,1,2021,354,8586
Austria,14/01/2021,14,1,2021,361,10538
Austria,15/01/2021,15,1,2021,337,11310
Austria,16/01/2021,16,1,2021,342,11650
Austria,17/01/2021,17,1,2021,328,12145
Austria,18/01/2021,18,1,2021,334,12977
Austria,19/01/2021,19,1,2021,332,14585
Austria,20/01/2021,20,1,2021,323,15672
Austria,21/01/2021,21,1,2021,340,16108
Austria,22/01/2021,22,1,2021,331,15113
Austria,23/01/2021,23,1,2021,323,14579
Austria,24/01/2021,24,1,2021,323,13944
Austria,25/01/2021,25,1,2021,321,12517
Austria,26/01/2021,26,1,2021,313,10013
Austria,27/01/2021,27,1,2021,304,7777
Austria,28/01/2021,28,1,2021,304,6347
Austria,29/01/2021,29,1,2021,295,6851
Austria,30/01/2021,30,1,2021,297,6934
Austria,31/01/2021,31,1,2021,297,6957
Austria,1/02/2021,1,2,2021,294,7416
Austria,2/02/2021,2,2,2021,300,8685
Austria,3/02/2021,3,2,2021,303,10157
Austria,4/02/2021,4,2,2021,298,11704
Austria,5/02/2021,5,2,2021,300,12604
Austria,6/02/2021,6,2,2021,300,13388
Austria,7/02/2021,7,2,2021,285,13908
Austria,8/02/2021,8,2,2021,281,14637
Austria,9/02/2021,9,2,2021,279,14943
Austria,10/02/2021,10,2,2021,265,15481
Austria,11/02/2021,11,2,2021,265,16084
Austria,12/02/2021,12,2,2021,263,16885
Austria,13/02/2021,13,2,2021,267,17070
Austria,14/02/2021,14,2,2021,255,16640
Austria,15/02/2021,15,2,2021,258,16259
Austria,16/02/2021,16,2,2021,264,15548
Austria,17/02/2021,17,2,2021,262,15220
Austria,18/02/2021,18,2,2021,264,14511
Austria,19/02/2021,19,2,2021,261,13729
Austria,20/02/2021,20,2,2021,261,14097
Austria,21/02/2021,21,2,2021,254,14664
Austria,22/02/2021,22,2,2021,252,14639
Austria,23/02/2021,23,2,2021,273,14677
Austria,24/02/2021,24,2,2021,255,14697
Austria,25/02/2021,25,2,2021,248,14717
Austria,26/02/2021,26,2,2021,260,15865
Austria,27/02/2021,27,2,2021,260,17601
Austria,28/02/2021,28,2,2021,283,18201
Austria,1/03/2021,1,3,2021,296,18484
Austria,2/03/2021,2,3,2021,301,20015
Austria,3/03/2021,3,3,2021,313,21200
Austria,4/03/2021,4,3,2021,302,22278
Austria,5/03/2021,5,3,2021,325,23410
Austria,6/03/2021,6,3,2021,316,23840
Austria,7/03/2021,7,3,2021,317,24090
Austria,8/03/2021,8,3,2021,333,24486
Austria,9/03/2021,9,3,2021,329,24899
Austria,10/03/2021,10,3,2021,324,25025
Austria,11/03/2021,11,3,2021,342,27495
Austria,12/03/2021,12,3,2021,346,30564
Austria,13/03/2021,13,3,2021,356,34044
Austria,14/03/2021,14,3,2021,352,36785
Austria,15/03/2021,15,3,2021,373,38144
Austria,16/03/2021,16,3,2021,395,38162
Austria,17/03/2021,17,3,2021,396,38966
Austria,18/03/2021,18,3,2021,388,37548
Austria,19/03/2021,19,3,2021,400,36895
Austria,20/03/2021,20,3,2021,393,36191
Austria,21/03/2021,21,3,2021,416,33971
Austria,22/03/2021,22,3,2021,436,33240
Austria,23/03/2021,23,3,2021,438,34292
Austria,24/03/2021,24,3,2021,450,35039
Austria,25/03/2021,25,3,2021,455,36679
Austria,26/03/2021,26,3,2021,471,36269
Austria,27/03/2021,27,3,2021,508,35417
Austria,28/03/2021,28,3,2021,518,35287
Austria,29/03/2021,29,3,2021,537,36825
Austria,30/03/2021,30,3,2021,538,37623
Austria,31/03/2021,31,3,2021,531,36989
Austria,1/04/2021,1,4,2021,534,36376
Austria,2/04/2021,2,4,2021,537,35342
Austria,3/04/2021,3,4,2021,533,32516
Austria,4/04/2021,4,4,2021,562,31861
Austria,5/04/2021,5,4,2021,570,29822
Austria,6/04/2021,6,4,2021,583,29364
Austria,7/04/2021,7,4,2021,583,32310
Austria,8/04/2021,8,4,2021,579,36744
Austria,9/04/2021,9,4,2021,582,41710
Austria,10/04/2021,10,4,2021,584,47966
Austria,11/04/2021,11,4,2021,599,50242
Austria,12/04/2021,12,4,2021,615,53487
Austria,13/04/2021,13,4,2021,596,54488
Austria,14/04/2021,14,4,2021,589,56180
Austria,15/04/2021,15,4,2021,571,56412
Austria,16/04/2021,16,4,2021,560,55237
Austria,17/04/2021,17,4,2021,549,54161
Austria,18/04/2021,18,4,2021,546,53196
Austria,19/04/2021,19,4,2021,568,52714
Austria,20/04/2021,20,4,2021,561,52744
Austria,21/04/2021,21,4,2021,551,52124
Austria,22/04/2021,22,4,2021,521,51610
Austria,23/04/2021,23,4,2021,518,51314
Austria,24/04/2021,24,4,2021,508,48777
Austria,25/04/2021,25,4,2021,521,50014
Austria,26/04/2021,26,4,2021,520,49890
Austria,27/04/2021,27,4,2021,521,50285
Austria,28/04/2021,28,4,2021,519,49586
Austria,29/04/2021,29,4,2021,489,50345
Austria,30/04/2021,30,4,2021,506,52133
Austria,1/05/2021,1,5,2021,482,52385
Austria,2/05/2021,2,5,2021,476,50780
Austria,3/05/2021,3,5,2021,485,50562
Austria,4/05/2021,4,5,2021,463,52447
Austria,5/05/2021,5,5,2021,440,55257
Austria,6/05/2021,6,5,2021,431,58324
Austria,7/05/2021,7,5,2021,422,62390
Austria,8/05/2021,8,5,2021,406,63897
Austria,9/05/2021,9,5,2021,409,64209
Austria,10/05/2021,10,5,2021,385,66223
Austria,11/05/2021,11,5,2021,358,66923
Austria,12/05/2021,12,5,2021,337,70183
Austria,13/05/2021,13,5,2021,316,61057
Austria,14/05/2021,14,5,2021,322,58346
Austria,15/05/2021,15,5,2021,315,59446
Austria,16/05/2021,16,5,2021,285,60213
Austria,17/05/2021,17,5,2021,290,60789
Austria,18/05/2021,18,5,2021,278,61324
Austria,19/05/2021,19,5,2021,266,62058
Austria,20/05/2021,20,5,2021,249,73131
Austria,21/05/2021,21,5,2021,234,76201
Austria,22/05/2021,22,5,2021,237,76060
Austria,23/05/2021,23,5,2021,237,76818
Austria,24/05/2021,24,5,2021,224,73585
Austria,25/05/2021,25,5,2021,220,71458
Austria,26/05/2021,26,5,2021,198,69582
Austria,27/05/2021,27,5,2021,192,67886
Austria,28/05/2021,28,5,2021,171,67686
Austria,29/05/2021,29,5,2021,163,68157
Austria,30/05/2021,30,5,2021,149,69405
Austria,31/05/2021,31,5,2021,152,72145
Austria,1/06/2021,1,6,2021,147,77267
Austria,2/06/2021,2,6,2021,136,84491
Austria,3/06/2021,3,6,2021,128,80046
Austria,4/06/2021,4,6,2021,115,79871
Austria,5/06/2021,5,6,2021,150,79939
Austria,6/06/2021,6,6,2021,144,82115
Austria,7/06/2021,7,6,2021,146,84064
Austria,8/06/2021,8,6,2021,127,84152
Austria,9/06/2021,9,6,2021,122,80410
Austria,10/06/2021,10,6,2021,113,87983
Austria,11/06/2021,11,6,2021,97,91089
Austria,12/06/2021,12,6,2021,99,92002
Austria,13/06/2021,13,6,2021,99,89752
Austria,14/06/2021,14,6,2021,98,88506
Austria,15/06/2021,15,6,2021,94,87783
Austria,16/06/2021,16,6,2021,92,88185
Austria,17/06/2021,17,6,2021,86,87274
Austria,18/06/2021,18,6,2021,84,84653
Austria,19/06/2021,19,6,2021,83,84273
Austria,20/06/2021,20,6,2021,84,84159
Austria,21/06/2021,21,6,2021,80,84637
Austria,22/06/2021,22,6,2021,73,85372
Austria,23/06/2021,23,6,2021,70,84197
Austria,24/06/2021,24,6,2021,71,83374
Austria,25/06/2021,25,6,2021,68,84695
Austria,26/06/2021,26,6,2021,73,86173
Austria,27/06/2021,27,6,2021,63,86808
Austria,28/06/2021,28,6,2021,61,86604
Austria,29/06/2021,29,6,2021,56,86663
Austria,30/06/2021,30,6,2021,60,86980
Austria,1/07/2021,1,7,2021,53,88137
Austria,2/07/2021,2,7,2021,49,86988
Austria,3/07/2021,3,7,2021,46,86051
Austria,4/07/2021,4,7,2021,46,87908
Austria,5/07/2021,5,7,2021,45,87189
Austria,6/07/2021,6,7,2021,46,85740
Austria,7/07/2021,7,7,2021,46,82905
Austria,8/07/2021,8,7,2021,42,79956
Austria,9/07/2021,9,7,2021,42,76464
Austria,10/07/2021,10,7,2021,42,73694
Austria,11/07/2021,11,7,2021,37,70321
Austria,12/07/2021,12,7,2021,35,68911
Austria,13/07/2021,13,7,2021,37,67824
Austria,14/07/2021,14,7,2021,32,65930
Austria,15/07/2021,15,7,2021,35,61210
Austria,16/07/2021,16,7,2021,37,59958
Austria,17/07/2021,17,7,2021,35,59931
Austria,18/07/2021,18,7,2021,31,59551
Austria,19/07/2021,19,7,2021,33,58882
Austria,20/07/2021,20,7,2021,40,54959
Austria,21/07/2021,21,7,2021,30,52926
Austria,22/07/2021,22,7,2021,26,53660
Austria,23/07/2021,23,7,2021,26,52228
Austria,24/07/2021,24,7,2021,27,52172
Austria,25/07/2021,25,7,2021,26,52184
Austria,26/07/2021,26,7,2021,32,52007
Austria,27/07/2021,27,7,2021,41,52916
Austria,28/07/2021,28,7,2021,38,51319
Austria,29/07/2021,29,7,2021,40,47763
Austria,30/07/2021,30,7,2021,37,45525
Austria,31/07/2021,31,7,2021,33,43328
Austria,1/08/2021,1,8,2021,30,43146
Austria,2/08/2021,2,8,2021,31,42788
Austria,3/08/2021,3,8,2021,35,41734
Austria,4/08/2021,4,8,2021,31,40277
Austria,5/08/2021,5,8,2021,38,39646
Austria,6/08/2021,6,8,2021,34,38250
Austria,7/08/2021,7,8,2021,41,37386
Austria,8/08/2021,8,8,2021,44,37083
Austria,9/08/2021,9,8,2021,40,35213
Austria,10/08/2021,10,8,2021,46,34224
Austria,11/08/2021,11,8,2021,48,33248
Austria,12/08/2021,12,8,2021,49,31862
Austria,13/08/2021,13,8,2021,49,29022
Austria,14/08/2021,14,8,2021,53,27398
Austria,15/08/2021,15,8,2021,58,25128
Austria,16/08/2021,16,8,2021,64,26287
Austria,17/08/2021,17,8,2021,60,24166
Austria,18/08/2021,18,8,2021,62,22167
Austria,19/08/2021,19,8,2021,68,21365
Austria,20/08/2021,20,8,2021,69,21287
Austria,21/08/2021,21,8,2021,71,21033
Austria,22/08/2021,22,8,2021,73,20828
Austria,23/08/2021,23,8,2021,74,18768
Austria,24/08/2021,24,8,2021,86,17942
Austria,25/08/2021,25,8,2021,88,16416
Austria,26/08/2021,26,8,2021,94,15795
Austria,27/08/2021,27,8,2021,105,14640
Austria,28/08/2021,28,8,2021,110,13584
Belgium,28/12/2020,28,12,2020,510,0
Belgium,29/12/2020,29,12,2020,498,27
Belgium,30/12/2020,30,12,2020,496,265
Belgium,31/12/2020,31,12,2020,494,184
Belgium,1/01/2021,1,1,2021,489,140
Belgium,2/01/2021,2,1,2021,481,115
Belgium,3/01/2021,3,1,2021,468,98
Belgium,4/01/2021,4,1,2021,464,88
Belgium,5/01/2021,5,1,2021,430,334
Belgium,6/01/2021,6,1,2021,404,831
Belgium,7/01/2021,7,1,2021,381,2034
Belgium,8/01/2021,8,1,2021,377,3371
Belgium,9/01/2021,9,1,2021,379,3834
Belgium,10/01/2021,10,1,2021,371,3893
Belgium,11/01/2021,11,1,2021,378,4696
Belgium,12/01/2021,12,1,2021,356,6732
Belgium,13/01/2021,13,1,2021,360,9285
Belgium,14/01/2021,14,1,2021,346,11433
Belgium,15/01/2021,15,1,2021,345,13470
Belgium,16/01/2021,16,1,2021,352,13752
Belgium,17/01/2021,17,1,2021,367,14157
Belgium,18/01/2021,18,1,2021,369,14946
Belgium,19/01/2021,19,1,2021,361,15432
Belgium,20/01/2021,20,1,2021,337,15402
Belgium,21/01/2021,21,1,2021,338,16374
Belgium,22/01/2021,22,1,2021,338,17306
Belgium,23/01/2021,23,1,2021,327,17772
Belgium,24/01/2021,24,1,2021,322,17579
Belgium,25/01/2021,25,1,2021,325,17613
Belgium,26/01/2021,26,1,2021,322,16686
Belgium,27/01/2021,27,1,2021,313,15989
Belgium,28/01/2021,28,1,2021,323,15080
Belgium,29/01/2021,29,1,2021,315,13853
Belgium,30/01/2021,30,1,2021,315,13289
Belgium,31/01/2021,31,1,2021,315,13149
Belgium,1/02/2021,1,2,2021,325,12647
Belgium,2/02/2021,2,2,2021,311,14327
Belgium,3/02/2021,3,2,2021,310,16361
Belgium,4/02/2021,4,2,2021,306,17861
Belgium,5/02/2021,5,2,2021,304,19216
Belgium,6/02/2021,6,2,2021,292,19504
Belgium,7/02/2021,7,2,2021,300,19858
Belgium,8/02/2021,8,2,2021,302,20193
Belgium,9/02/2021,9,2,2021,308,20673
Belgium,10/02/2021,10,2,2021,303,19926
Belgium,11/02/2021,11,2,2021,294,20240
Belgium,12/02/2021,12,2,2021,295,20809
Belgium,13/02/2021,13,2,2021,298,21121
Belgium,14/02/2021,14,2,2021,307,20914
Belgium,15/02/2021,15,2,2021,319,21421
Belgium,16/02/2021,16,2,2021,311,19557
Belgium,17/02/2021,17,2,2021,315,18748
Belgium,18/02/2021,18,2,2021,314,17511
Belgium,19/02/2021,19,2,2021,314,16982
Belgium,20/02/2021,20,2,2021,316,16596
Belgium,21/02/2021,21,2,2021,329,16629
Belgium,22/02/2021,22,2,2021,348,16483
Belgium,23/02/2021,23,2,2021,353,17230
Belgium,24/02/2021,24,2,2021,362,17685
Belgium,25/02/2021,25,2,2021,369,18264
Belgium,26/02/2021,26,2,2021,393,18391
Belgium,27/02/2021,27,2,2021,397,18158
Belgium,28/02/2021,28,2,2021,407,17969
Belgium,1/03/2021,1,3,2021,413,18096
Belgium,2/03/2021,2,3,2021,426,18608
Belgium,3/03/2021,3,3,2021,434,19619
Belgium,4/03/2021,4,3,2021,426,22182
Belgium,5/03/2021,5,3,2021,433,24018
Belgium,6/03/2021,6,3,2021,416,24582
Belgium,7/03/2021,7,3,2021,425,24675
Belgium,8/03/2021,8,3,2021,436,25210
Belgium,9/03/2021,9,3,2021,441,25962
Belgium,10/03/2021,10,3,2021,452,26794
Belgium,11/03/2021,11,3,2021,448,27424
Belgium,12/03/2021,12,3,2021,468,27437
Belgium,13/03/2021,13,3,2021,474,27662
Belgium,14/03/2021,14,3,2021,485,27656
Belgium,15/03/2021,15,3,2021,503,29567
Belgium,16/03/2021,16,3,2021,522,32118
Belgium,17/03/2021,17,3,2021,534,33789
Belgium,18/03/2021,18,3,2021,543,36812
Belgium,19/03/2021,19,3,2021,550,40078
Belgium,20/03/2021,20,3,2021,557,41879
Belgium,21/03/2021,21,3,2021,569,41810
Belgium,22/03/2021,22,3,2021,589,42117
Belgium,23/03/2021,23,3,2021,601,42290
Belgium,24/03/2021,24,3,2021,636,44289
Belgium,25/03/2021,25,3,2021,652,44837
Belgium,26/03/2021,26,3,2021,667,45156
Belgium,27/03/2021,27,3,2021,701,45165
Belgium,28/03/2021,28,3,2021,712,45371
Belgium,29/03/2021,29,3,2021,740,44066
Belgium,30/03/2021,30,3,2021,737,41804
Belgium,31/03/2021,31,3,2021,756,45108
Belgium,1/04/2021,1,4,2021,790,48336
Belgium,2/04/2021,2,4,2021,801,50146
Belgium,3/04/2021,3,4,2021,821,49909
Belgium,4/04/2021,4,4,2021,831,49585
Belgium,5/04/2021,5,4,2021,866,48291
Belgium,6/04/2021,6,4,2021,892,50390
Belgium,7/04/2021,7,4,2021,909,45105
Belgium,8/04/2021,8,4,2021,911,48730
Belgium,9/04/2021,9,4,2021,925,56231
Belgium,10/04/2021,10,4,2021,905,63073
Belgium,11/04/2021,11,4,2021,899,63620
Belgium,12/04/2021,12,4,2021,919,68495
Belgium,13/04/2021,13,4,2021,947,72154
Belgium,14/04/2021,14,4,2021,941,79706
Belgium,15/04/2021,15,4,2021,930,77501
Belgium,16/04/2021,16,4,2021,923,71621
Belgium,17/04/2021,17,4,2021,923,70104
Belgium,18/04/2021,18,4,2021,931,70401
Belgium,19/04/2021,19,4,2021,946,72168
Belgium,20/04/2021,20,4,2021,926,68997
Belgium,21/04/2021,21,4,2021,935,67738
Belgium,22/04/2021,22,4,2021,910,65552
Belgium,23/04/2021,23,4,2021,901,62401
Belgium,24/04/2021,24,4,2021,886,60714
Belgium,25/04/2021,25,4,2021,886,60753
Belgium,26/04/2021,26,4,2021,892,61069
Belgium,27/04/2021,27,4,2021,892,61466
Belgium,28/04/2021,28,4,2021,888,61861
Belgium,29/04/2021,29,4,2021,864,63273
Belgium,30/04/2021,30,4,2021,855,64738
Belgium,1/05/2021,1,5,2021,824,64884
Belgium,2/05/2021,2,5,2021,825,64500
Belgium,3/05/2021,3,5,2021,831,66719
Belgium,4/05/2021,4,5,2021,795,71029
Belgium,5/05/2021,5,5,2021,757,79635
Belgium,6/05/2021,6,5,2021,744,87569
Belgium,7/05/2021,7,5,2021,727,98035
Belgium,8/05/2021,8,5,2021,707,104182
Belgium,9/05/2021,9,5,2021,702,104801
Belgium,10/05/2021,10,5,2021,710,105467
Belgium,11/05/2021,11,5,2021,686,103409
Belgium,12/05/2021,12,5,2021,660,94604
Belgium,13/05/2021,13,5,2021,644,88472
Belgium,14/05/2021,14,5,2021,643,87018
Belgium,15/05/2021,15,5,2021,621,86679
Belgium,16/05/2021,16,5,2021,619,86411
Belgium,17/05/2021,17,5,2021,613,90033
Belgium,18/05/2021,18,5,2021,595,99243
Belgium,19/05/2021,19,5,2021,589,106132
Belgium,20/05/2021,20,5,2021,562,110121
Belgium,21/05/2021,21,5,2021,540,107683
Belgium,22/05/2021,22,5,2021,544,107834
Belgium,23/05/2021,23,5,2021,542,108334
Belgium,24/05/2021,24,5,2021,542,101642
Belgium,25/05/2021,25,5,2021,531,96876
Belgium,26/05/2021,26,5,2021,508,94185
Belgium,27/05/2021,27,5,2021,491,93194
Belgium,28/05/2021,28,5,2021,469,90910
Belgium,29/05/2021,29,5,2021,451,91192
Belgium,30/05/2021,30,5,2021,442,91465
Belgium,31/05/2021,31,5,2021,439,99796
Belgium,1/06/2021,1,6,2021,404,100277
Belgium,2/06/2021,2,6,2021,378,106790
Belgium,3/06/2021,3,6,2021,365,113525
Belgium,4/06/2021,4,6,2021,342,119344
Belgium,5/06/2021,5,6,2021,337,126192
Belgium,6/06/2021,6,6,2021,331,129005
Belgium,7/06/2021,7,6,2021,336,136196
Belgium,8/06/2021,8,6,2021,319,142689
Belgium,9/06/2021,9,6,2021,309,146739
Belgium,10/06/2021,10,6,2021,302,147860
Belgium,11/06/2021,11,6,2021,300,153964
Belgium,12/06/2021,12,6,2021,285,154553
Belgium,13/06/2021,13,6,2021,274,153515
Belgium,14/06/2021,14,6,2021,276,151124
Belgium,15/06/2021,15,6,2021,256,151446
Belgium,16/06/2021,16,6,2021,247,149587
Belgium,17/06/2021,17,6,2021,234,148742
Belgium,18/06/2021,18,6,2021,212,148318
Belgium,19/06/2021,19,6,2021,203,145864
Belgium,20/06/2021,20,6,2021,204,147037
Belgium,21/06/2021,21,6,2021,206,141974
Belgium,22/06/2021,22,6,2021,184,135875
Belgium,23/06/2021,23,6,2021,183,135930
Belgium,24/06/2021,24,6,2021,175,134834
Belgium,25/06/2021,25,6,2021,157,130816
Belgium,26/06/2021,26,6,2021,149,129274
Belgium,27/06/2021,27,6,2021,150,129644
Belgium,28/06/2021,28,6,2021,147,129881
Belgium,29/06/2021,29,6,2021,143,131726
Belgium,30/06/2021,30,6,2021,134,123292
Belgium,1/07/2021,1,7,2021,126,116891
Belgium,2/07/2021,2,7,2021,123,109637
Belgium,3/07/2021,3,7,2021,115,105876
Belgium,4/07/2021,4,7,2021,113,102937
Belgium,5/07/2021,5,7,2021,112,102928
Belgium,6/07/2021,6,7,2021,101,102077
Belgium,7/07/2021,7,7,2021,99,106923
Belgium,8/07/2021,8,7,2021,96,110980
Belgium,9/07/2021,9,7,2021,93,115769
Belgium,10/07/2021,10,7,2021,87,121451
Belgium,11/07/2021,11,7,2021,83,123855
Belgium,12/07/2021,12,7,2021,89,127536
Belgium,13/07/2021,13,7,2021,90,127792
Belgium,14/07/2021,14,7,2021,82,126130
Belgium,15/07/2021,15,7,2021,86,121890
Belgium,16/07/2021,16,7,2021,81,120489
Belgium,17/07/2021,17,7,2021,81,116669
Belgium,18/07/2021,18,7,2021,88,114342
Belgium,19/07/2021,19,7,2021,84,111876
Belgium,20/07/2021,20,7,2021,87,112550
Belgium,21/07/2021,21,7,2021,85,105822
Belgium,22/07/2021,22,7,2021,83,112873
Belgium,23/07/2021,23,7,2021,84,116464
Belgium,24/07/2021,24,7,2021,89,115861
Belgium,25/07/2021,25,7,2021,94,115741
Belgium,26/07/2021,26,7,2021,97,114190
Belgium,27/07/2021,27,7,2021,94,112554
Belgium,28/07/2021,28,7,2021,96,120785
Belgium,29/07/2021,29,7,2021,93,115426
Belgium,30/07/2021,30,7,2021,96,112466
Belgium,31/07/2021,31,7,2021,93,110768
Belgium,1/08/2021,1,8,2021,95,110517
Belgium,2/08/2021,2,8,2021,97,108840
Belgium,3/08/2021,3,8,2021,94,106337
Belgium,4/08/2021,4,8,2021,92,100523
Belgium,5/08/2021,5,8,2021,94,95960
Belgium,6/08/2021,6,8,2021,98,91605
Belgium,7/08/2021,7,8,2021,102,87782
Belgium,8/08/2021,8,8,2021,106,86971
Belgium,9/08/2021,9,8,2021,120,81814
Belgium,10/08/2021,10,8,2021,120,79928
Belgium,11/08/2021,11,8,2021,124,74152
Belgium,12/08/2021,12,8,2021,132,68532
Belgium,13/08/2021,13,8,2021,136,61276
Belgium,14/08/2021,14,8,2021,142,56750
Belgium,15/08/2021,15,8,2021,147,56086
Belgium,16/08/2021,16,8,2021,158,51692
Belgium,17/08/2021,17,8,2021,162,46810
Belgium,18/08/2021,18,8,2021,172,43132
Belgium,19/08/2021,19,8,2021,178,39233
Belgium,20/08/2021,20,8,2021,179,36573
Belgium,21/08/2021,21,8,2021,178,36131
Belgium,22/08/2021,22,8,2021,176,36303
Belgium,23/08/2021,23,8,2021,173,36430
Belgium,24/08/2021,24,8,2021,171,35393
Belgium,25/08/2021,25,8,2021,176,33989
Belgium,26/08/2021,26,8,2021,182,31804
Bulgaria,3/01/2021,3,1,2021,474,675
Bulgaria,10/01/2021,10,1,2021,393,1246
Bulgaria,17/01/2021,17,1,2021,367,662
Bulgaria,24/01/2021,24,1,2021,318,1099
Bulgaria,31/01/2021,31,1,2021,281,2140
Bulgaria,7/02/2021,7,2,2021,279,2273
Bulgaria,14/02/2021,14,2,2021,266,2621
Bulgaria,21/02/2021,21,2,2021,284,6281
Bulgaria,28/02/2021,28,2,2021,349,13299
Bulgaria,7/03/2021,7,3,2021,423,10884
Bulgaria,14/03/2021,14,3,2021,497,7178
Bulgaria,21/03/2021,21,3,2021,612,4289
Bulgaria,28/03/2021,28,3,2021,729,9662
Bulgaria,4/04/2021,4,4,2021,748,9576
Bulgaria,11/04/2021,11,4,2021,755,9870
Bulgaria,18/04/2021,18,4,2021,799,9397
Bulgaria,25/04/2021,25,4,2021,765,12114
Bulgaria,2/05/2021,2,5,2021,714,14483
Bulgaria,9/05/2021,9,5,2021,637,16206
Bulgaria,16/05/2021,16,5,2021,535,25525
Bulgaria,23/05/2021,23,5,2021,485,20563
Bulgaria,30/05/2021,30,5,2021,383,13224
Bulgaria,6/06/2021,6,6,2021,322,15857
Bulgaria,13/06/2021,13,6,2021,267,16110
Bulgaria,20/06/2021,20,6,2021,241,11879
Bulgaria,27/06/2021,27,6,2021,196,9634
Bulgaria,4/07/2021,4,7,2021,179,9064
Bulgaria,11/07/2021,11,7,2021,111,8789
Bulgaria,18/07/2021,18,7,2021,94,8505
Bulgaria,25/07/2021,25,7,2021,82,8521
Bulgaria,1/08/2021,1,8,2021,77,8363
Bulgaria,8/08/2021,8,8,2021,86,9047
Bulgaria,15/08/2021,15,8,2021,101,8742
Bulgaria,22/08/2021,22,8,2021,160,9160
Cyprus,6/01/2021,6,1,2021,31,0
Cyprus,7/01/2021,7,1,2021,32,534
Cyprus,8/01/2021,8,1,2021,34,534
Cyprus,9/01/2021,9,1,2021,35,534
Cyprus,10/01/2021,10,1,2021,36,534
Cyprus,11/01/2021,11,1,2021,35,566
Cyprus,12/01/2021,12,1,2021,38,588
Cyprus,13/01/2021,13,1,2021,36,604
Cyprus,14/01/2021,14,1,2021,37,628
Cyprus,15/01/2021,15,1,2021,36,651
Cyprus,16/01/2021,16,1,2021,37,675
Cyprus,17/01/2021,17,1,2021,39,752
Cyprus,18/01/2021,18,1,2021,38,806
Cyprus,19/01/2021,19,1,2021,38,859
Cyprus,20/01/2021,20,1,2021,37,913
Cyprus,21/01/2021,21,1,2021,37,966
Cyprus,22/01/2021,22,1,2021,35,1020
Cyprus,23/01/2021,23,1,2021,35,1073
Cyprus,24/01/2021,24,1,2021,35,1079
Cyprus,25/01/2021,25,1,2021,36,1084
Cyprus,26/01/2021,26,1,2021,35,1090
Cyprus,27/01/2021,27,1,2021,36,1095
Cyprus,28/01/2021,28,1,2021,35,1101
Cyprus,29/01/2021,29,1,2021,35,1106
Cyprus,30/01/2021,30,1,2021,35,1111
Cyprus,31/01/2021,31,1,2021,32,1102
Cyprus,1/02/2021,1,2,2021,30,1093
Cyprus,2/02/2021,2,2,2021,28,1083
Cyprus,3/02/2021,3,2,2021,27,1074
Cyprus,4/02/2021,4,2,2021,22,1064
Cyprus,5/02/2021,5,2,2021,23,1055
Cyprus,6/02/2021,6,2,2021,23,1045
Cyprus,7/02/2021,7,2,2021,24,1133
Cyprus,8/02/2021,8,2,2021,24,1220
Cyprus,9/02/2021,9,2,2021,23,1307
Cyprus,10/02/2021,10,2,2021,21,1394
Cyprus,11/02/2021,11,2,2021,24,1482
Cyprus,12/02/2021,12,2,2021,22,1569
Cyprus,13/02/2021,13,2,2021,22,1656
Cyprus,14/02/2021,14,2,2021,21,1672
Cyprus,15/02/2021,15,2,2021,20,1687
Cyprus,16/02/2021,16,2,2021,15,1703
Cyprus,17/02/2021,17,2,2021,15,1719
Cyprus,18/02/2021,18,2,2021,16,1735
Cyprus,19/02/2021,19,2,2021,17,1750
Cyprus,20/02/2021,20,2,2021,15,1766
Cyprus,21/02/2021,21,2,2021,17,1884
Cyprus,22/02/2021,22,2,2021,18,2002
Cyprus,23/02/2021,23,2,2021,16,2119
Cyprus,24/02/2021,24,2,2021,16,2420
Cyprus,25/02/2021,25,2,2021,13,2721
Cyprus,26/02/2021,26,2,2021,13,3022
Cyprus,27/02/2021,27,2,2021,12,3136
Cyprus,28/02/2021,28,2,2021,14,3133
Cyprus,1/03/2021,1,3,2021,14,3129
Cyprus,2/03/2021,2,3,2021,12,3126
Cyprus,3/03/2021,3,3,2021,13,2939
Cyprus,4/03/2021,4,3,2021,13,2753
Cyprus,5/03/2021,5,3,2021,14,2567
Cyprus,6/03/2021,6,3,2021,14,2567
Cyprus,7/03/2021,7,3,2021,14,2567
Cyprus,8/03/2021,8,3,2021,15,2531
Cyprus,9/03/2021,9,3,2021,19,2496
Cyprus,10/03/2021,10,3,2021,18,2461
Cyprus,11/03/2021,11,3,2021,20,2426
Cyprus,12/03/2021,12,3,2021,23,2391
Cyprus,13/03/2021,13,3,2021,21,2355
Cyprus,14/03/2021,14,3,2021,24,2320
Cyprus,15/03/2021,15,3,2021,24,2320
Cyprus,16/03/2021,16,3,2021,23,2320
Cyprus,17/03/2021,17,3,2021,25,2320
Cyprus,18/03/2021,18,3,2021,23,2320
Cyprus,19/03/2021,19,3,2021,21,2320
Cyprus,20/03/2021,20,3,2021,23,2320
Cyprus,21/03/2021,21,3,2021,22,2316
Cyprus,22/03/2021,22,3,2021,25,2312
Cyprus,23/03/2021,23,3,2021,28,2308
Cyprus,24/03/2021,24,3,2021,27,2304
Cyprus,25/03/2021,25,3,2021,29,2300
Cyprus,26/03/2021,26,3,2021,31,2296
Cyprus,27/03/2021,27,3,2021,30,2292
Cyprus,28/03/2021,28,3,2021,30,2292
Cyprus,29/03/2021,29,3,2021,27,2292
Cyprus,30/03/2021,30,3,2021,25,2292
Cyprus,31/03/2021,31,3,2021,26,2292
Cyprus,1/04/2021,1,4,2021,27,2292
Cyprus,2/04/2021,2,4,2021,26,2292
Cyprus,3/04/2021,3,4,2021,26,2292
Cyprus,4/04/2021,4,4,2021,28,2432
Cyprus,5/04/2021,5,4,2021,28,2573
Cyprus,6/04/2021,6,4,2021,28,2713
Cyprus,7/04/2021,7,4,2021,26,2854
Cyprus,8/04/2021,8,4,2021,31,3140
Cyprus,9/04/2021,9,4,2021,31,3427
Cyprus,10/04/2021,10,4,2021,32,3492
Cyprus,11/04/2021,11,4,2021,33,3416
Cyprus,12/04/2021,12,4,2021,33,3341
Cyprus,13/04/2021,13,4,2021,38,3265
Cyprus,14/04/2021,14,4,2021,37,3189
Cyprus,15/04/2021,15,4,2021,39,2967
Cyprus,16/04/2021,16,4,2021,37,2745
Cyprus,17/04/2021,17,4,2021,37,2936
Cyprus,18/04/2021,18,4,2021,36,3126
Cyprus,19/04/2021,19,4,2021,35,3316
Cyprus,20/04/2021,20,4,2021,37,3635
Cyprus,21/04/2021,21,4,2021,39,3914
Cyprus,22/04/2021,22,4,2021,38,4373
Cyprus,23/04/2021,23,4,2021,36,4832
Cyprus,24/04/2021,24,4,2021,36,5170
Cyprus,25/04/2021,25,4,2021,38,5508
Cyprus,26/04/2021,26,4,2021,39,5846
Cyprus,27/04/2021,27,4,2021,38,6055
Cyprus,28/04/2021,28,4,2021,39,6305
Cyprus,29/04/2021,29,4,2021,39,6374
Cyprus,30/04/2021,30,4,2021,36,6444
Cyprus,1/05/2021,1,5,2021,37,6444
Cyprus,2/05/2021,2,5,2021,37,6798
Cyprus,3/05/2021,3,5,2021,33,7152
Cyprus,4/05/2021,4,5,2021,32,7506
Cyprus,5/05/2021,5,5,2021,32,7860
Cyprus,6/05/2021,6,5,2021,33,8214
Cyprus,7/05/2021,7,5,2021,32,8686
Cyprus,8/05/2021,8,5,2021,34,9159
Cyprus,9/05/2021,9,5,2021,35,9277
Cyprus,10/05/2021,10,5,2021,34,9396
Cyprus,11/05/2021,11,5,2021,36,10008
Cyprus,12/05/2021,12,5,2021,35,10929
Cyprus,13/05/2021,13,5,2021,34,11403
Cyprus,14/05/2021,14,5,2021,28,11759
Cyprus,15/05/2021,15,5,2021,31,11085
Cyprus,16/05/2021,16,5,2021,31,10410
Cyprus,17/05/2021,17,5,2021,32,11043
Cyprus,18/05/2021,18,5,2021,33,11037
Cyprus,19/05/2021,19,5,2021,33,10859
Cyprus,20/05/2021,20,5,2021,31,11110
Cyprus,21/05/2021,21,5,2021,32,11360
Cyprus,22/05/2021,22,5,2021,30,11937
Cyprus,23/05/2021,23,5,2021,30,12513
Cyprus,24/05/2021,24,5,2021,32,12078
Cyprus,25/05/2021,25,5,2021,29,12153
Cyprus,26/05/2021,26,5,2021,27,12092
Cyprus,27/05/2021,27,5,2021,24,11773
Cyprus,28/05/2021,28,5,2021,23,10892
Cyprus,29/05/2021,29,5,2021,23,10715
Cyprus,30/05/2021,30,5,2021,23,10537
Cyprus,31/05/2021,31,5,2021,22,10329
Cyprus,1/06/2021,1,6,2021,19,9756
Cyprus,2/06/2021,2,6,2021,16,8806
Cyprus,3/06/2021,3,6,2021,15,8573
Cyprus,4/06/2021,4,6,2021,13,8244
Cyprus,5/06/2021,5,6,2021,12,7915
Cyprus,6/06/2021,6,6,2021,13,7586
Cyprus,7/06/2021,7,6,2021,12,7044
Cyprus,8/06/2021,8,6,2021,11,6686
Cyprus,9/06/2021,9,6,2021,10,7257
Cyprus,10/06/2021,10,6,2021,11,6969
Cyprus,11/06/2021,11,6,2021,9,7402
Cyprus,12/06/2021,12,6,2021,8,8270
Cyprus,13/06/2021,13,6,2021,8,8310
Cyprus,14/06/2021,14,6,2021,8,8297
Cyprus,15/06/2021,15,6,2021,8,8102
Cyprus,16/06/2021,16,6,2021,8,7908
Cyprus,17/06/2021,17,6,2021,9,8307
Cyprus,18/06/2021,18,6,2021,11,8066
Cyprus,19/06/2021,19,6,2021,10,7391
Cyprus,20/06/2021,20,6,2021,10,7104
Cyprus,21/06/2021,21,6,2021,11,6817
Cyprus,22/06/2021,22,6,2021,11,6529
Cyprus,23/06/2021,23,6,2021,11,5688
Cyprus,24/06/2021,24,6,2021,11,5510
Cyprus,25/06/2021,25,6,2021,11,5274
Cyprus,26/06/2021,26,6,2021,11,5037
Cyprus,27/06/2021,27,6,2021,10,5241
Cyprus,28/06/2021,28,6,2021,9,5444
Cyprus,29/06/2021,29,6,2021,9,5648
Cyprus,30/06/2021,30,6,2021,9,5852
Cyprus,1/07/2021,1,7,2021,9,5939
Cyprus,2/07/2021,2,7,2021,10,6661
Cyprus,3/07/2021,3,7,2021,10,6804
Cyprus,4/07/2021,4,7,2021,13,7003
Cyprus,5/07/2021,5,7,2021,13,7201
Cyprus,6/07/2021,6,7,2021,12,7562
Cyprus,7/07/2021,7,7,2021,12,8265
Cyprus,8/07/2021,8,7,2021,11,8107
Cyprus,9/07/2021,9,7,2021,13,7726
Cyprus,10/07/2021,10,7,2021,14,7302
Cyprus,11/07/2021,11,7,2021,14,7088
Cyprus,12/07/2021,12,7,2021,17,6874
Cyprus,13/07/2021,13,7,2021,19,6699
Cyprus,14/07/2021,14,7,2021,18,6183
Cyprus,15/07/2021,15,7,2021,19,5795
Cyprus,16/07/2021,16,7,2021,19,5326
Cyprus,17/07/2021,17,7,2021,20,5480
Cyprus,18/07/2021,18,7,2021,21,5368
Cyprus,19/07/2021,19,7,2021,22,5255
Cyprus,20/07/2021,20,7,2021,23,5365
Cyprus,21/07/2021,21,7,2021,26,5099
Cyprus,22/07/2021,22,7,2021,29,4880
Cyprus,23/07/2021,23,7,2021,29,4821
Cyprus,24/07/2021,24,7,2021,31,4761
Cyprus,25/07/2021,25,7,2021,34,4239
Cyprus,26/07/2021,26,7,2021,33,4380
Cyprus,27/07/2021,27,7,2021,38,4097
Cyprus,28/07/2021,28,7,2021,42,4119
Cyprus,29/07/2021,29,7,2021,41,4203
Cyprus,30/07/2021,30,7,2021,38,4145
Cyprus,31/07/2021,31,7,2021,41,4086
Cyprus,1/08/2021,1,8,2021,45,4490
Cyprus,2/08/2021,2,8,2021,43,4231
Cyprus,3/08/2021,3,8,2021,49,4424
Cyprus,4/08/2021,4,8,2021,49,4664
Cyprus,5/08/2021,5,8,2021,50,4821
Cyprus,6/08/2021,6,8,2021,51,4840
Cyprus,7/08/2021,7,8,2021,52,4858
Cyprus,8/08/2021,8,8,2021,57,4807
Cyprus,9/08/2021,9,8,2021,52,4756
Cyprus,10/08/2021,10,8,2021,52,4454
Cyprus,11/08/2021,11,8,2021,55,4158
Cyprus,12/08/2021,12,8,2021,55,3823
Cyprus,13/08/2021,13,8,2021,52,4219
Cyprus,14/08/2021,14,8,2021,51,3899
Cyprus,15/08/2021,15,8,2021,49,3649
Cyprus,16/08/2021,16,8,2021,47,3399
Cyprus,17/08/2021,17,8,2021,52,3409
Cyprus,18/08/2021,18,8,2021,52,3431
Cyprus,19/08/2021,19,8,2021,50,3415
Cyprus,20/08/2021,20,8,2021,49,3093
Cyprus,21/08/2021,21,8,2021,43,2918
Cyprus,22/08/2021,22,8,2021,44,3174
Cyprus,23/08/2021,23,8,2021,44,3430
Cyprus,24/08/2021,24,8,2021,42,3225
Cyprus,25/08/2021,25,8,2021,41,3022
Cyprus,26/08/2021,26,8,2021,38,2885
Czechia,27/12/2020,27,12,2020,733,0
Czechia,28/12/2020,28,12,2020,784,2299
Czechia,29/12/2020,29,12,2020,847,2878
Czechia,30/12/2020,30,12,2020,864,3083
Czechia,31/12/2020,31,12,2020,880,2638
Czechia,1/01/2021,1,1,2021,894,2164
Czechia,2/01/2021,2,1,2021,899,2015
Czechia,3/01/2021,3,1,2021,937,1859
Czechia,4/01/2021,4,1,2021,999,2044
Czechia,5/01/2021,5,1,2021,1049,2193
Czechia,6/01/2021,6,1,2021,1090,2528
Czechia,7/01/2021,7,1,2021,1129,3479
Czechia,8/01/2021,8,1,2021,1127,4865
Czechia,9/01/2021,9,1,2021,1095,4971
Czechia,10/01/2021,10,1,2021,1122,5091
Czechia,11/01/2021,11,1,2021,1171,5980
Czechia,12/01/2021,12,1,2021,1158,7252
Czechia,13/01/2021,13,1,2021,1147,8346
Czechia,14/01/2021,14,1,2021,1151,9379
Czechia,15/01/2021,15,1,2021,1150,9949
Czechia,16/01/2021,16,1,2021,1142,10143
Czechia,17/01/2021,17,1,2021,1126,10355
Czechia,18/01/2021,18,1,2021,1133,10994
Czechia,19/01/2021,19,1,2021,1108,11260
Czechia,20/01/2021,20,1,2021,1100,11656
Czechia,21/01/2021,21,1,2021,1074,11961
Czechia,22/01/2021,22,1,2021,1099,12232
Czechia,23/01/2021,23,1,2021,1074,12344
Czechia,24/01/2021,24,1,2021,1064,12326
Czechia,25/01/2021,25,1,2021,1043,12082
Czechia,26/01/2021,26,1,2021,1042,11971
Czechia,27/01/2021,27,1,2021,1008,11577
Czechia,28/01/2021,28,1,2021,1004,10983
Czechia,29/01/2021,29,1,2021,979,10726
Czechia,30/01/2021,30,1,2021,960,10391
Czechia,31/01/2021,31,1,2021,969,10215
Czechia,1/02/2021,1,2,2021,1022,10115
Czechia,2/02/2021,2,2,2021,1033,10094
Czechia,3/02/2021,3,2,2021,1016,10359
Czechia,4/02/2021,4,2,2021,1031,11027
Czechia,5/02/2021,5,2,2021,1043,11316
Czechia,6/02/2021,6,2,2021,1042,11511
Czechia,7/02/2021,7,2,2021,1053,11718
Czechia,8/02/2021,8,2,2021,1089,12224
Czechia,9/02/2021,9,2,2021,1092,12602
Czechia,10/02/2021,10,2,2021,1093,13074
Czechia,11/02/2021,11,2,2021,1109,13733
Czechia,12/02/2021,12,2,2021,1102,14492
Czechia,13/02/2021,13,2,2021,1102,14689
Czechia,14/02/2021,14,2,2021,1146,14550
Czechia,15/02/2021,15,2,2021,1197,14592
Czechia,16/02/2021,16,2,2021,1232,14701
Czechia,17/02/2021,17,2,2021,1276,14596
Czechia,18/02/2021,18,2,2021,1290,14291
Czechia,19/02/2021,19,2,2021,1301,13968
Czechia,20/02/2021,20,2,2021,1296,13766
Czechia,21/02/2021,21,2,2021,1313,13731
Czechia,22/02/2021,22,2,2021,1396,13786
Czechia,23/02/2021,23,2,2021,1434,14087
Czechia,24/02/2021,24,2,2021,1464,14358
Czechia,25/02/2021,25,2,2021,1559,14809
Czechia,26/02/2021,26,2,2021,1532,15139
Czechia,27/02/2021,27,2,2021,1548,15197
Czechia,28/02/2021,28,2,2021,1581,15307
Czechia,1/03/2021,1,3,2021,1666,16281
Czechia,2/03/2021,2,3,2021,1721,17831
Czechia,3/03/2021,3,3,2021,1746,20032
Czechia,4/03/2021,4,3,2021,1779,22080
Czechia,5/03/2021,5,3,2021,1774,23887
Czechia,6/03/2021,6,3,2021,1771,25229
Czechia,7/03/2021,7,3,2021,1821,26563
Czechia,8/03/2021,8,3,2021,1903,28207
Czechia,9/03/2021,9,3,2021,1934,29897
Czechia,10/03/2021,10,3,2021,1981,31729
Czechia,11/03/2021,11,3,2021,1993,33902
Czechia,12/03/2021,12,3,2021,2000,35755
Czechia,13/03/2021,13,3,2021,1975,36524
Czechia,14/03/2021,14,3,2021,2030,36663
Czechia,15/03/2021,15,3,2021,2054,37037
Czechia,16/03/2021,16,3,2021,2066,38005
Czechia,17/03/2021,17,3,2021,2038,37976
Czechia,18/03/2021,18,3,2021,2017,37577
Czechia,19/03/2021,19,3,2021,1995,37696
Czechia,20/03/2021,20,3,2021,1970,37522
Czechia,21/03/2021,21,3,2021,1965,36910
Czechia,22/03/2021,22,3,2021,1986,36884
Czechia,23/03/2021,23,3,2021,1911,35530
Czechia,24/03/2021,24,3,2021,1887,34759
Czechia,25/03/2021,25,3,2021,1875,33882
Czechia,26/03/2021,26,3,2021,1836,33064
Czechia,27/03/2021,27,3,2021,1805,32511
Czechia,28/03/2021,28,3,2021,1764,32616
Czechia,29/03/2021,29,3,2021,1771,33016
Czechia,30/03/2021,30,3,2021,1723,34001
Czechia,31/03/2021,31,3,2021,1615,35077
Czechia,1/04/2021,1,4,2021,1554,36987
Czechia,2/04/2021,2,4,2021,1440,33761
Czechia,3/04/2021,3,4,2021,1424,33939
Czechia,4/04/2021,4,4,2021,1406,34167
Czechia,5/04/2021,5,4,2021,1382,29859
Czechia,6/04/2021,6,4,2021,1422,29646
Czechia,7/04/2021,7,4,2021,1384,28992
Czechia,8/04/2021,8,4,2021,1310,30689
Czechia,9/04/2021,9,4,2021,1235,37776
Czechia,10/04/2021,10,4,2021,1192,40082
Czechia,11/04/2021,11,4,2021,1154,41291
Czechia,12/04/2021,12,4,2021,1148,48936
Czechia,13/04/2021,13,4,2021,1079,51329
Czechia,14/04/2021,14,4,2021,1045,54266
Czechia,15/04/2021,15,4,2021,984,54840
Czechia,16/04/2021,16,4,2021,941,54963
Czechia,17/04/2021,17,4,2021,911,54245
Czechia,18/04/2021,18,4,2021,890,53983
Czechia,19/04/2021,19,4,2021,900,53446
Czechia,20/04/2021,20,4,2021,858,52862
Czechia,21/04/2021,21,4,2021,857,52279
Czechia,22/04/2021,22,4,2021,798,52048
Czechia,23/04/2021,23,4,2021,760,50845
Czechia,24/04/2021,24,4,2021,732,50474
Czechia,25/04/2021,25,4,2021,720,50579
Czechia,26/04/2021,26,4,2021,693,50189
Czechia,27/04/2021,27,4,2021,664,50511
Czechia,28/04/2021,28,4,2021,610,51835
Czechia,29/04/2021,29,4,2021,564,52973
Czechia,30/04/2021,30,4,2021,514,54248
Czechia,1/05/2021,1,5,2021,494,54188
Czechia,2/05/2021,2,5,2021,486,54540
Czechia,3/05/2021,3,5,2021,492,56622
Czechia,4/05/2021,4,5,2021,482,58473
Czechia,5/05/2021,5,5,2021,432,59797
Czechia,6/05/2021,6,5,2021,397,61122
Czechia,7/05/2021,7,5,2021,382,63221
Czechia,8/05/2021,8,5,2021,367,64418
Czechia,9/05/2021,9,5,2021,370,65024
Czechia,10/05/2021,10,5,2021,366,66029
Czechia,11/05/2021,11,5,2021,347,67439
Czechia,12/05/2021,12,5,2021,328,68405
Czechia,13/05/2021,13,5,2021,317,68775
Czechia,14/05/2021,14,5,2021,289,68874
Czechia,15/05/2021,15,5,2021,262,69299
Czechia,16/05/2021,16,5,2021,256,69528
Czechia,17/05/2021,17,5,2021,238,69544
Czechia,18/05/2021,18,5,2021,223,69669
Czechia,19/05/2021,19,5,2021,214,70242
Czechia,20/05/2021,20,5,2021,187,71542
Czechia,21/05/2021,21,5,2021,175,72822
Czechia,22/05/2021,22,5,2021,166,74148
Czechia,23/05/2021,23,5,2021,158,74763
Czechia,24/05/2021,24,5,2021,157,74907
Czechia,25/05/2021,25,5,2021,136,75165
Czechia,26/05/2021,26,5,2021,129,76872
Czechia,27/05/2021,27,5,2021,121,77697
Czechia,28/05/2021,28,5,2021,100,79271
Czechia,29/05/2021,29,5,2021,98,79674
Czechia,30/05/2021,30,5,2021,92,80454
Czechia,31/05/2021,31,5,2021,99,83589
Czechia,1/06/2021,1,6,2021,83,86355
Czechia,2/06/2021,2,6,2021,77,87937
Czechia,3/06/2021,3,6,2021,73,89229
Czechia,4/06/2021,4,6,2021,62,90820
Czechia,5/06/2021,5,6,2021,52,91779
Czechia,6/06/2021,6,6,2021,52,92521
Czechia,7/06/2021,7,6,2021,45,94642
Czechia,8/06/2021,8,6,2021,43,96176
Czechia,9/06/2021,9,6,2021,39,96968
Czechia,10/06/2021,10,6,2021,36,97848
Czechia,11/06/2021,11,6,2021,22,98049
Czechia,12/06/2021,12,6,2021,25,98023
Czechia,13/06/2021,13,6,2021,23,98078
Czechia,14/06/2021,14,6,2021,26,97900
Czechia,15/06/2021,15,6,2021,19,97741
Czechia,16/06/2021,16,6,2021,15,97517
Czechia,17/06/2021,17,6,2021,17,97295
Czechia,18/06/2021,18,6,2021,18,97601
Czechia,19/06/2021,19,6,2021,13,97361
Czechia,20/06/2021,20,6,2021,12,97187
Czechia,21/06/2021,21,6,2021,13,96421
Czechia,22/06/2021,22,6,2021,14,96245
Czechia,23/06/2021,23,6,2021,11,95771
Czechia,24/06/2021,24,6,2021,13,95456
Czechia,25/06/2021,25,6,2021,10,94686
Czechia,26/06/2021,26,6,2021,10,94632
Czechia,27/06/2021,27,6,2021,8,94551
Czechia,28/06/2021,28,6,2021,9,94938
Czechia,29/06/2021,29,6,2021,11,95040
Czechia,30/06/2021,30,6,2021,10,95325
Czechia,1/07/2021,1,7,2021,8,94486
Czechia,2/07/2021,2,7,2021,6,93822
Czechia,3/07/2021,3,7,2021,5,92103
Czechia,4/07/2021,4,7,2021,4,90498
Czechia,5/07/2021,5,7,2021,4,79131
Czechia,6/07/2021,6,7,2021,4,67528
Czechia,7/07/2021,7,7,2021,3,65626
Czechia,8/07/2021,8,7,2021,4,63256
Czechia,9/07/2021,9,7,2021,4,61099
Czechia,10/07/2021,10,7,2021,3,61007
Czechia,11/07/2021,11,7,2021,2,61297
Czechia,12/07/2021,12,7,2021,3,70234
Czechia,13/07/2021,13,7,2021,3,78972
Czechia,14/07/2021,14,7,2021,5,77845
Czechia,15/07/2021,15,7,2021,6,77458
Czechia,16/07/2021,16,7,2021,7,77786
Czechia,17/07/2021,17,7,2021,6,78040
Czechia,18/07/2021,18,7,2021,7,78399
Czechia,19/07/2021,19,7,2021,6,77480
Czechia,20/07/2021,20,7,2021,6,76372
Czechia,21/07/2021,21,7,2021,5,74670
Czechia,22/07/2021,22,7,2021,6,72521
Czechia,23/07/2021,23,7,2021,5,69199
Czechia,24/07/2021,24,7,2021,4,68351
Czechia,25/07/2021,25,7,2021,4,67437
Czechia,26/07/2021,26,7,2021,6,64651
Czechia,27/07/2021,27,7,2021,7,61719
Czechia,28/07/2021,28,7,2021,7,58775
Czechia,29/07/2021,29,7,2021,9,56203
Czechia,30/07/2021,30,7,2021,11,54439
Czechia,31/07/2021,31,7,2021,12,53456
Czechia,1/08/2021,1,8,2021,11,52605
Czechia,2/08/2021,2,8,2021,13,50347
Czechia,3/08/2021,3,8,2021,12,48417
Czechia,4/08/2021,4,8,2021,12,46477
Czechia,5/08/2021,5,8,2021,12,45524
Czechia,6/08/2021,6,8,2021,12,44694
Czechia,7/08/2021,7,8,2021,11,44030
Czechia,8/08/2021,8,8,2021,14,43655
Czechia,9/08/2021,9,8,2021,16,43918
Czechia,10/08/2021,10,8,2021,17,43441
Czechia,11/08/2021,11,8,2021,20,43791
Czechia,12/08/2021,12,8,2021,18,42749
Czechia,13/08/2021,13,8,2021,16,41621
Czechia,14/08/2021,14,8,2021,17,40294
Czechia,15/08/2021,15,8,2021,17,39356
Czechia,16/08/2021,16,8,2021,18,37422
Czechia,17/08/2021,17,8,2021,18,35350
Czechia,18/08/2021,18,8,2021,16,34465
Czechia,19/08/2021,19,8,2021,18,34408
Czechia,20/08/2021,20,8,2021,14,34426
Czechia,21/08/2021,21,8,2021,12,34657
Czechia,22/08/2021,22,8,2021,12,34825
Czechia,23/08/2021,23,8,2021,12,35560
Czechia,24/08/2021,24,8,2021,11,36437
Czechia,25/08/2021,25,8,2021,14,34816
Czechia,26/08/2021,26,8,2021,12,32931
Czechia,27/08/2021,27,8,2021,10,30557
Estonia,27/12/2020,27,12,2020,33,0
Estonia,3/01/2021,3,1,2021,40,333
Estonia,10/01/2021,10,1,2021,50,1199
Estonia,17/01/2021,17,1,2021,44,1029
Estonia,24/01/2021,24,1,2021,45,1111
Estonia,31/01/2021,31,1,2021,41,1806
Estonia,7/02/2021,7,2,2021,34,2121
Estonia,14/02/2021,14,2,2021,32,2144
Estonia,21/02/2021,21,2,2021,34,2899
Estonia,28/02/2021,28,2,2021,41,3429
Estonia,7/03/2021,7,3,2021,47,4787
Estonia,14/03/2021,14,3,2021,59,6397
Estonia,21/03/2021,21,3,2021,67,4750
Estonia,28/03/2021,28,3,2021,69,4386
Estonia,11/04/2021,11,4,2021,66,5518
Estonia,18/04/2021,18,4,2021,57,5645
Estonia,25/04/2021,25,4,2021,53,5415
Estonia,2/05/2021,2,5,2021,47,7626
Estonia,9/05/2021,9,5,2021,47,9657
Estonia,16/05/2021,16,5,2021,30,6682
Estonia,23/05/2021,23,5,2021,26,8777
Estonia,30/05/2021,30,5,2021,16,8905
Estonia,6/06/2021,6,6,2021,6,8477
Estonia,13/06/2021,13,6,2021,6,9653
Estonia,20/06/2021,20,6,2021,4,10005
Estonia,27/06/2021,27,6,2021,5,4474
Estonia,4/07/2021,4,7,2021,6,7158
Estonia,11/07/2021,11,7,2021,3,6047
Estonia,18/07/2021,18,7,2021,1,5278
Estonia,25/07/2021,25,7,2021,13,6093
Estonia,1/08/2021,1,8,2021,1,4768
Estonia,8/08/2021,8,8,2021,3,5157
Estonia,15/08/2021,15,8,2021,5,5144
Estonia,22/08/2021,22,8,2021,13,3860
France,27/12/2020,27,12,2020,2818,0
France,3/01/2021,3,1,2021,2771,219
France,10/01/2021,10,1,2021,2784,14458
France,17/01/2021,17,1,2021,2910,49439
France,24/01/2021,24,1,2021,3181,96782
France,31/01/2021,31,1,2021,3428,82912
France,7/02/2021,7,2,2021,3566,82045
France,14/02/2021,14,2,2021,3657,109762
France,21/02/2021,21,2,2021,3706,116521
France,28/02/2021,28,2,2021,3815,120841
France,7/03/2021,7,3,2021,4067,187029
France,14/03/2021,14,3,2021,4378,226034
France,21/03/2021,21,3,2021,4714,180691
France,28/03/2021,28,3,2021,5199,264473
France,4/04/2021,4,4,2021,5694,283265
France,11/04/2021,11,4,2021,6210,304739
France,18/04/2021,18,4,2021,6364,366355
France,25/04/2021,25,4,2021,6386,363701
France,2/05/2021,2,5,2021,6062,396995
France,9/05/2021,9,5,2021,5357,463645
France,16/05/2021,16,5,2021,4482,508390
France,23/05/2021,23,5,2021,3720,523724
France,30/05/2021,30,5,2021,3108,488151
France,6/06/2021,6,6,2021,2571,574416
France,13/06/2021,13,6,2021,2097,576170
France,20/06/2021,20,6,2021,1671,581869
France,27/06/2021,27,6,2021,1314,583439
France,4/07/2021,4,7,2021,1053,586327
France,11/07/2021,11,7,2021,892,563048
France,18/07/2021,18,7,2021,828,615680
France,25/07/2021,25,7,2021,882,681764
France,1/08/2021,1,8,2021,1175,619697
France,8/08/2021,8,8,2021,1648,500738
France,15/08/2021,15,8,2021,2044,443956
France,22/08/2021,22,8,2021,2300,439619
Germany,27/12/2020,27,12,2020,5226,0
Germany,3/01/2021,3,1,2021,5630,39689
Germany,10/01/2021,10,1,2021,5552,53421
Germany,17/01/2021,17,1,2021,5164,76904
Germany,24/01/2021,24,1,2021,4816,96343
Germany,31/01/2021,31,1,2021,4487,92021
Germany,7/02/2021,7,2,2021,4207,120550
Germany,14/02/2021,14,2,2021,3732,124416
Germany,21/02/2021,21,2,2021,3239,130315
Germany,28/02/2021,28,2,2021,2950,165120
Germany,7/03/2021,7,3,2021,2816,219427
Germany,14/03/2021,14,3,2021,2727,257496
Germany,21/03/2021,21,3,2021,2849,208171
Germany,28/03/2021,28,3,2021,3196,299539
Germany,4/04/2021,4,4,2021,3668,278668
Germany,11/04/2021,11,4,2021,4428,465732
Germany,18/04/2021,18,4,2021,4653,526525
Germany,25/04/2021,25,4,2021,4970,504325
Germany,2/05/2021,2,5,2021,5033,670894
Germany,9/05/2021,9,5,2021,4829,719927
Germany,16/05/2021,16,5,2021,4361,708884
Germany,23/05/2021,23,5,2021,3693,726512
Germany,30/05/2021,30,5,2021,2990,686141
Germany,6/06/2021,6,6,2021,2144,706670
Germany,13/06/2021,13,6,2021,1591,867582
Germany,20/06/2021,20,6,2021,1130,850498
Germany,27/06/2021,27,6,2021,807,815007
Germany,4/07/2021,4,7,2021,611,724166
Germany,11/07/2021,11,7,2021,482,642024
Germany,18/07/2021,18,7,2021,394,586961
Germany,25/07/2021,25,7,2021,353,467566
Germany,1/08/2021,1,8,2021,352,422809
Germany,8/08/2021,8,8,2021,389,368315
Germany,15/08/2021,15,8,2021,450,351900
Germany,22/08/2021,22,8,2021,594,279952
Ireland,10/01/2021,10,1,2021,88,5221
Ireland,17/01/2021,17,1,2021,169,7714
Ireland,24/01/2021,24,1,2021,207,7000
Ireland,31/01/2021,31,1,2021,216,8114
Ireland,7/02/2021,7,2,2021,199,5812
Ireland,14/02/2021,14,2,2021,170,4494
Ireland,21/02/2021,21,2,2021,151,11718
Ireland,28/02/2021,28,2,2021,136,12259
Ireland,7/03/2021,7,3,2021,112,12284
Ireland,14/03/2021,14,3,2021,92,13040
Ireland,21/03/2021,21,3,2021,82,8995
Ireland,28/03/2021,28,3,2021,76,18075
Ireland,4/04/2021,4,4,2021,67,18580
Ireland,11/04/2021,11,4,2021,54,18152
Ireland,18/04/2021,18,4,2021,47,20685
Ireland,25/04/2021,25,4,2021,47,27086
Ireland,2/05/2021,2,5,2021,45,29512
Ireland,9/05/2021,9,5,2021,36,34872
Ireland,16/05/2021,16,5,2021,34,35970
Ireland,23/05/2021,23,5,2021,38,35524
Ireland,30/05/2021,30,5,2021,41,5449
Ireland,6/06/2021,6,6,2021,34,71265
Ireland,13/06/2021,13,6,2021,27,47444
Ireland,20/06/2021,20,6,2021,18,65889
Ireland,27/06/2021,27,6,2021,18,46524
Ireland,4/07/2021,4,7,2021,14,51991
Ireland,11/07/2021,11,7,2021,17,52822
Ireland,18/07/2021,18,7,2021,20,62740
Ireland,25/07/2021,25,7,2021,22,53384
Ireland,1/08/2021,1,8,2021,26,45622
Ireland,8/08/2021,8,8,2021,30,34877
Ireland,15/08/2021,15,8,2021,36,36566
Ireland,22/08/2021,22,8,2021,55,34690
Latvia,10/01/2021,10,1,2021,63,678
Latvia,17/01/2021,17,1,2021,64,1292
Latvia,24/01/2021,24,1,2021,102,453
Latvia,31/01/2021,31,1,2021,110,684
Latvia,7/02/2021,7,2,2021,105,1220
Latvia,14/02/2021,14,2,2021,92,749
Latvia,21/02/2021,21,2,2021,94,1258
Latvia,28/02/2021,28,2,2021,90,2412
Latvia,7/03/2021,7,3,2021,79,3882
Latvia,14/03/2021,14,3,2021,90,3108
Latvia,21/03/2021,21,3,2021,81,1096
Latvia,28/03/2021,28,3,2021,80,4622
Latvia,4/04/2021,4,4,2021,92,3813
Latvia,11/04/2021,11,4,2021,79,5030
Latvia,18/04/2021,18,4,2021,96,5360
Latvia,25/04/2021,25,4,2021,88,7182
Latvia,2/05/2021,2,5,2021,89,8763
Latvia,9/05/2021,9,5,2021,92,12054
Latvia,16/05/2021,16,5,2021,92,16175
Latvia,23/05/2021,23,5,2021,95,15755
Latvia,30/05/2021,30,5,2021,85,16707
Latvia,6/06/2021,6,6,2021,68,16361
Latvia,13/06/2021,13,6,2021,74,13670
Latvia,20/06/2021,20,6,2021,42,11692
Latvia,27/06/2021,27,6,2021,39,4549
Latvia,4/07/2021,4,7,2021,36,11385
Latvia,11/07/2021,11,7,2021,18,8117
Latvia,18/07/2021,18,7,2021,10,4912
Latvia,25/07/2021,25,7,2021,10,5446
Latvia,1/08/2021,1,8,2021,6,5213
Latvia,8/08/2021,8,8,2021,9,4937
Latvia,15/08/2021,15,8,2021,14,5017
Latvia,22/08/2021,22,8,2021,13,5090
Lithuania,17/02/2021,17,2,2021,90,4320
Lithuania,18/02/2021,18,2,2021,97,4646
Lithuania,19/02/2021,19,2,2021,97,5104
Lithuania,20/02/2021,20,2,2021,91,5184
Lithuania,21/02/2021,21,2,2021,95,5184
Lithuania,22/02/2021,22,2,2021,98,5303
Lithuania,23/02/2021,23,2,2021,88,6464
Lithuania,24/02/2021,24,2,2021,87,6957
Lithuania,25/02/2021,25,2,2021,76,7031
Lithuania,26/02/2021,26,2,2021,80,6967
Lithuania,27/02/2021,27,2,2021,85,6937
Lithuania,28/02/2021,28,2,2021,82,7001
Lithuania,1/03/2021,1,3,2021,77,7302
Lithuania,2/03/2021,2,3,2021,76,7403
Lithuania,3/03/2021,3,3,2021,88,7445
Lithuania,4/03/2021,4,3,2021,89,7962
Lithuania,7/03/2021,7,3,2021,100,8443
Lithuania,8/03/2021,8,3,2021,96,8636
Lithuania,9/03/2021,9,3,2021,88,9001
Lithuania,10/03/2021,10,3,2021,84,9522
Lithuania,11/03/2021,11,3,2021,90,7471
Lithuania,12/03/2021,12,3,2021,87,8031
Lithuania,13/03/2021,13,3,2021,85,8191
Lithuania,14/03/2021,14,3,2021,76,8194
Lithuania,15/03/2021,15,3,2021,80,8069
Lithuania,16/03/2021,16,3,2021,77,7828
Lithuania,17/03/2021,17,3,2021,74,7098
Lithuania,18/03/2021,18,3,2021,78,8138
Lithuania,19/03/2021,19,3,2021,81,6901
Lithuania,20/03/2021,20,3,2021,83,6756
Lithuania,21/03/2021,21,3,2021,84,6757
Lithuania,22/03/2021,22,3,2021,93,6785
Lithuania,23/03/2021,23,3,2021,94,7170
Lithuania,24/03/2021,24,3,2021,92,8183
Lithuania,25/03/2021,25,3,2021,81,9405
Lithuania,26/03/2021,26,3,2021,82,10429
Lithuania,28/03/2021,28,3,2021,77,10796
Lithuania,29/03/2021,29,3,2021,81,10741
Lithuania,30/03/2021,30,3,2021,82,10739
Lithuania,31/03/2021,31,3,2021,88,11184
Lithuania,1/04/2021,1,4,2021,90,11379
Lithuania,2/04/2021,2,4,2021,90,11859
Lithuania,3/04/2021,3,4,2021,89,12647
Lithuania,4/04/2021,4,4,2021,99,12965
Lithuania,5/04/2021,5,4,2021,107,12372
Lithuania,6/04/2021,6,4,2021,100,12629
Lithuania,7/04/2021,7,4,2021,92,11486
Lithuania,8/04/2021,8,4,2021,94,12717
Lithuania,9/04/2021,9,4,2021,93,14672
Lithuania,10/04/2021,10,4,2021,92,15666
Lithuania,11/04/2021,11,4,2021,94,15569
Lithuania,12/04/2021,12,4,2021,88,16291
Lithuania,13/04/2021,13,4,2021,99,16884
Lithuania,14/04/2021,14,4,2021,104,18891
Lithuania,15/04/2021,15,4,2021,109,18355
Lithuania,16/04/2021,16,4,2021,117,16492
Lithuania,17/04/2021,17,4,2021,116,14618
Lithuania,18/04/2021,18,4,2021,126,14383
Lithuania,19/04/2021,19,4,2021,124,13966
Lithuania,20/04/2021,20,4,2021,128,13455
Lithuania,21/04/2021,21,4,2021,125,13437
Lithuania,22/04/2021,22,4,2021,123,13861
Lithuania,23/04/2021,23,4,2021,126,14463
Lithuania,24/04/2021,24,4,2021,129,14755
Lithuania,25/04/2021,25,4,2021,139,14781
Lithuania,26/04/2021,26,4,2021,139,14829
Lithuania,27/04/2021,27,4,2021,142,14518
Lithuania,28/04/2021,28,4,2021,145,12903
Lithuania,29/04/2021,29,4,2021,142,13841
Lithuania,30/04/2021,30,4,2021,140,15709
Lithuania,1/05/2021,1,5,2021,138,17315
Lithuania,2/05/2021,2,5,2021,134,17383
Lithuania,3/05/2021,3,5,2021,128,18415
Lithuania,4/05/2021,4,5,2021,117,20591
Lithuania,5/05/2021,5,5,2021,116,23359
Lithuania,6/05/2021,6,5,2021,118,23769
Lithuania,7/05/2021,7,5,2021,117,23226
Lithuania,8/05/2021,8,5,2021,125,23229
Lithuania,20/05/2021,20,5,2021,109,20674
Lithuania,21/05/2021,21,5,2021,111,19864
Lithuania,22/05/2021,22,5,2021,109,20285
Lithuania,23/05/2021,23,5,2021,103,20475
Lithuania,24/05/2021,24,5,2021,95,20301
Lithuania,25/05/2021,25,5,2021,92,20463
Lithuania,26/05/2021,26,5,2021,92,19900
Lithuania,27/05/2021,27,5,2021,93,19578
Lithuania,28/05/2021,28,5,2021,93,20523
Lithuania,29/05/2021,29,5,2021,89,20874
Lithuania,30/05/2021,30,5,2021,98,20697
Lithuania,31/05/2021,31,5,2021,79,21259
Lithuania,1/06/2021,1,6,2021,77,22268
Lithuania,2/06/2021,2,6,2021,74,23903
Lithuania,3/06/2021,3,6,2021,76,24933
Lithuania,4/06/2021,4,6,2021,76,26372
Lithuania,5/06/2021,5,6,2021,73,27340
Lithuania,6/06/2021,6,6,2021,74,28058
Lithuania,7/06/2021,7,6,2021,70,28721
Lithuania,8/06/2021,8,6,2021,70,28015
Lithuania,9/06/2021,9,6,2021,74,26427
Lithuania,10/06/2021,10,6,2021,74,24886
Lithuania,11/06/2021,11,6,2021,69,22342
Lithuania,12/06/2021,12,6,2021,60,20709
Lithuania,13/06/2021,13,6,2021,61,20936
Lithuania,14/06/2021,14,6,2021,58,20528
Lithuania,15/06/2021,15,6,2021,55,20291
Lithuania,16/06/2021,16,6,2021,47,20340
Lithuania,17/06/2021,17,6,2021,45,20814
Lithuania,18/06/2021,18,6,2021,45,20996
Lithuania,19/06/2021,19,6,2021,39,21021
Lithuania,20/06/2021,20,6,2021,37,20179
Lithuania,21/06/2021,21,6,2021,32,19727
Lithuania,22/06/2021,22,6,2021,28,19668
Lithuania,23/06/2021,23,6,2021,28,19325
Lithuania,24/06/2021,24,6,2021,30,16489
Lithuania,25/06/2021,25,6,2021,30,16957
Lithuania,26/06/2021,26,6,2021,28,17153
Lithuania,27/06/2021,27,6,2021,33,17864
Lithuania,28/06/2021,28,6,2021,30,18320
Lithuania,29/06/2021,29,6,2021,30,18384
Lithuania,30/06/2021,30,6,2021,27,18039
Lithuania,1/07/2021,1,7,2021,27,19220
Lithuania,2/07/2021,2,7,2021,23,18006
Lithuania,3/07/2021,3,7,2021,23,17677
Lithuania,4/07/2021,4,7,2021,23,16872
Lithuania,5/07/2021,5,7,2021,24,15947
Lithuania,6/07/2021,6,7,2021,17,12902
Lithuania,7/07/2021,7,7,2021,15,11862
Lithuania,8/07/2021,8,7,2021,14,11913
Lithuania,9/07/2021,9,7,2021,14,11205
Lithuania,10/07/2021,10,7,2021,12,11124
Lithuania,11/07/2021,11,7,2021,11,11089
Lithuania,12/07/2021,12,7,2021,9,10877
Lithuania,14/07/2021,14,7,2021,7,10656
Lithuania,15/07/2021,15,7,2021,7,9891
Lithuania,16/07/2021,16,7,2021,8,9741
Lithuania,17/07/2021,17,7,2021,8,9472
Lithuania,18/07/2021,18,7,2021,8,9655
Lithuania,19/07/2021,19,7,2021,9,9559
Lithuania,20/07/2021,20,7,2021,9,9834
Lithuania,21/07/2021,21,7,2021,10,10378
Lithuania,22/07/2021,22,7,2021,10,11066
Lithuania,23/07/2021,23,7,2021,11,11472
Lithuania,24/07/2021,24,7,2021,11,11588
Lithuania,25/07/2021,25,7,2021,13,11641
Lithuania,26/07/2021,26,7,2021,11,12462
Lithuania,27/07/2021,27,7,2021,13,12862
Lithuania,28/07/2021,28,7,2021,15,13333
Lithuania,29/07/2021,29,7,2021,19,13760
Lithuania,30/07/2021,30,7,2021,22,13666
Lithuania,31/07/2021,31,7,2021,24,14047
Lithuania,1/08/2021,1,8,2021,21,14209
Lithuania,2/08/2021,2,8,2021,19,14142
Lithuania,3/08/2021,3,8,2021,23,13796
Lithuania,4/08/2021,4,8,2021,22,14118
Lithuania,5/08/2021,5,8,2021,27,16160
Lithuania,6/08/2021,6,8,2021,38,18245
Lithuania,7/08/2021,7,8,2021,38,18739
Lithuania,8/08/2021,8,8,2021,39,18575
Lithuania,9/08/2021,9,8,2021,41,19580
Lithuania,10/08/2021,10,8,2021,44,20731
Lithuania,11/08/2021,11,8,2021,44,21197
Lithuania,12/08/2021,12,8,2021,43,20172
Lithuania,13/08/2021,13,8,2021,44,19108
Lithuania,14/08/2021,14,8,2021,42,18322
Lithuania,15/08/2021,15,8,2021,48,18223
Lithuania,16/08/2021,16,8,2021,53,18292
Lithuania,17/08/2021,17,8,2021,55,18007
Lithuania,18/08/2021,18,8,2021,51,18685
Lithuania,19/08/2021,19,8,2021,55,18488
Lithuania,20/08/2021,20,8,2021,54,18152
Lithuania,21/08/2021,21,8,2021,58,17991
Lithuania,22/08/2021,22,8,2021,58,17914
Lithuania,23/08/2021,23,8,2021,58,17084
Lithuania,24/08/2021,24,8,2021,64,16467
Lithuania,25/08/2021,25,8,2021,66,15145
Lithuania,26/08/2021,26,8,2021,65,14146
Lithuania,27/08/2021,27,8,2021,62,13709
Lithuania,28/08/2021,28,8,2021,67,13549
Luxembourg,30/12/2020,30,12,2020,31,0
Luxembourg,31/12/2020,31,12,2020,33,62
Luxembourg,1/01/2021,1,1,2021,32,62
Luxembourg,2/01/2021,2,1,2021,30,62
Luxembourg,3/01/2021,3,1,2021,34,62
Luxembourg,4/01/2021,4,1,2021,32,62
Luxembourg,5/01/2021,5,1,2021,28,62
Luxembourg,6/01/2021,6,1,2021,26,62
Luxembourg,7/01/2021,7,1,2021,23,62
Luxembourg,8/01/2021,8,1,2021,22,62
Luxembourg,9/01/2021,9,1,2021,21,62
Luxembourg,10/01/2021,10,1,2021,23,62
Luxembourg,11/01/2021,11,1,2021,24,62
Luxembourg,12/01/2021,12,1,2021,21,114
Luxembourg,13/01/2021,13,1,2021,23,177
Luxembourg,14/01/2021,14,1,2021,21,220
Luxembourg,15/01/2021,15,1,2021,18,236
Luxembourg,16/01/2021,16,1,2021,19,252
Luxembourg,17/01/2021,17,1,2021,20,268
Luxembourg,18/01/2021,18,1,2021,20,375
Luxembourg,19/01/2021,19,1,2021,17,417
Luxembourg,20/01/2021,20,1,2021,14,475
Luxembourg,21/01/2021,21,1,2021,14,523
Luxembourg,22/01/2021,22,1,2021,14,558
Luxembourg,23/01/2021,23,1,2021,15,592
Luxembourg,24/01/2021,24,1,2021,14,626
Luxembourg,25/01/2021,25,1,2021,15,569
Luxembourg,26/01/2021,26,1,2021,15,604
Luxembourg,27/01/2021,27,1,2021,14,608
Luxembourg,28/01/2021,28,1,2021,12,639
Luxembourg,29/01/2021,29,1,2021,11,630
Luxembourg,30/01/2021,30,1,2021,11,622
Luxembourg,31/01/2021,31,1,2021,11,613
Luxembourg,1/02/2021,1,2,2021,13,670
Luxembourg,2/02/2021,2,2,2021,14,675
Luxembourg,3/02/2021,3,2,2021,12,708
Luxembourg,4/02/2021,4,2,2021,11,721
Luxembourg,5/02/2021,5,2,2021,12,728
Luxembourg,6/02/2021,6,2,2021,14,736
Luxembourg,7/02/2021,7,2,2021,14,743
Luxembourg,8/02/2021,8,2,2021,15,700
Luxembourg,9/02/2021,9,2,2021,12,629
Luxembourg,10/02/2021,10,2,2021,13,645
Luxembourg,11/02/2021,11,2,2021,14,710
Luxembourg,12/02/2021,12,2,2021,10,724
Luxembourg,13/02/2021,13,2,2021,11,738
Luxembourg,14/02/2021,14,2,2021,13,752
Luxembourg,15/02/2021,15,2,2021,16,841
Luxembourg,16/02/2021,16,2,2021,17,1038
Luxembourg,17/02/2021,17,2,2021,17,1028
Luxembourg,18/02/2021,18,2,2021,15,1078
Luxembourg,19/02/2021,19,2,2021,13,1104
Luxembourg,20/02/2021,20,2,2021,13,1130
Luxembourg,21/02/2021,21,2,2021,15,1156
Luxembourg,22/02/2021,22,2,2021,16,1129
Luxembourg,23/02/2021,23,2,2021,15,1065
Luxembourg,24/02/2021,24,2,2021,15,1092
Luxembourg,25/02/2021,25,2,2021,17,1020
Luxembourg,26/02/2021,26,2,2021,19,1004
Luxembourg,27/02/2021,27,2,2021,20,988
Luxembourg,28/02/2021,28,2,2021,21,973
Luxembourg,1/03/2021,1,3,2021,20,1028
Luxembourg,2/03/2021,2,3,2021,20,1013
Luxembourg,3/03/2021,3,3,2021,22,1051
Luxembourg,4/03/2021,4,3,2021,22,1157
Luxembourg,5/03/2021,5,3,2021,23,1196
Luxembourg,6/03/2021,6,3,2021,21,1235
Luxembourg,7/03/2021,7,3,2021,21,1274
Luxembourg,8/03/2021,8,3,2021,24,1199
Luxembourg,9/03/2021,9,3,2021,24,1214
Luxembourg,10/03/2021,10,3,2021,30,1334
Luxembourg,11/03/2021,11,3,2021,32,1528
Luxembourg,12/03/2021,12,3,2021,27,1606
Luxembourg,13/03/2021,13,3,2021,25,1684
Luxembourg,14/03/2021,14,3,2021,25,1763
Luxembourg,15/03/2021,15,3,2021,26,1867
Luxembourg,16/03/2021,16,3,2021,25,2158
Luxembourg,17/03/2021,17,3,2021,23,2242
Luxembourg,18/03/2021,18,3,2021,17,2211
Luxembourg,19/03/2021,19,3,2021,19,2198
Luxembourg,20/03/2021,20,3,2021,20,2185
Luxembourg,21/03/2021,21,3,2021,20,2172
Luxembourg,22/03/2021,22,3,2021,21,2135
Luxembourg,23/03/2021,23,3,2021,18,1990
Luxembourg,24/03/2021,24,3,2021,21,1882
Luxembourg,25/03/2021,25,3,2021,19,1759
Luxembourg,26/03/2021,26,3,2021,21,1907
Luxembourg,27/03/2021,27,3,2021,23,2056
Luxembourg,28/03/2021,28,3,2021,22,2204
Luxembourg,29/03/2021,29,3,2021,25,2228
Luxembourg,30/03/2021,30,3,2021,25,2082
Luxembourg,31/03/2021,31,3,2021,30,2190
Luxembourg,1/04/2021,1,4,2021,30,2386
Luxembourg,2/04/2021,2,4,2021,31,2394
Luxembourg,3/04/2021,3,4,2021,30,2401
Luxembourg,4/04/2021,4,4,2021,30,2409
Luxembourg,5/04/2021,5,4,2021,32,2544
Luxembourg,6/04/2021,6,4,2021,31,2884
Luxembourg,7/04/2021,7,4,2021,32,3069
Luxembourg,8/04/2021,8,4,2021,30,3228
Luxembourg,9/04/2021,9,4,2021,27,3282
Luxembourg,10/04/2021,10,4,2021,28,3337
Luxembourg,11/04/2021,11,4,2021,29,3391
Luxembourg,12/04/2021,12,4,2021,32,3736
Luxembourg,13/04/2021,13,4,2021,33,4084
Luxembourg,14/04/2021,14,4,2021,33,4340
Luxembourg,15/04/2021,15,4,2021,32,4495
Luxembourg,16/04/2021,16,4,2021,31,4607
Luxembourg,17/04/2021,17,4,2021,36,4719
Luxembourg,18/04/2021,18,4,2021,37,4830
Luxembourg,19/04/2021,19,4,2021,38,4346
Luxembourg,20/04/2021,20,4,2021,38,3625
Luxembourg,21/04/2021,21,4,2021,34,3218
Luxembourg,22/04/2021,22,4,2021,33,2819
Luxembourg,23/04/2021,23,4,2021,36,2580
Luxembourg,24/04/2021,24,4,2021,34,2341
Luxembourg,25/04/2021,25,4,2021,37,2101
Luxembourg,26/04/2021,26,4,2021,37,2139
Luxembourg,27/04/2021,27,4,2021,36,2169
Luxembourg,28/04/2021,28,4,2021,36,2349
Luxembourg,29/04/2021,29,4,2021,34,2609
Luxembourg,30/04/2021,30,4,2021,34,2775
Luxembourg,1/05/2021,1,5,2021,33,2941
Luxembourg,2/05/2021,2,5,2021,29,3107
Luxembourg,3/05/2021,3,5,2021,32,3746
Luxembourg,4/05/2021,4,5,2021,34,4475
Luxembourg,5/05/2021,5,5,2021,33,4824
Luxembourg,6/05/2021,6,5,2021,32,5128
Luxembourg,7/05/2021,7,5,2021,31,5357
Luxembourg,8/05/2021,8,5,2021,31,5587
Luxembourg,9/05/2021,9,5,2021,31,5817
Luxembourg,10/05/2021,10,5,2021,30,5969
Luxembourg,11/05/2021,11,5,2021,30,6063
Luxembourg,12/05/2021,12,5,2021,30,6076
Luxembourg,13/05/2021,13,5,2021,29,6081
Luxembourg,14/05/2021,14,5,2021,29,6132
Luxembourg,15/05/2021,15,5,2021,28,6184
Luxembourg,16/05/2021,16,5,2021,28,6235
Luxembourg,17/05/2021,17,5,2021,29,6144
Luxembourg,18/05/2021,18,5,2021,21,5953
Luxembourg,19/05/2021,19,5,2021,18,5897
Luxembourg,20/05/2021,20,5,2021,17,5679
Luxembourg,21/05/2021,21,5,2021,17,5399
Luxembourg,22/05/2021,22,5,2021,17,5120
Luxembourg,23/05/2021,23,5,2021,17,4840
Luxembourg,24/05/2021,24,5,2021,17,4335
Luxembourg,25/05/2021,25,5,2021,17,3936
Luxembourg,26/05/2021,26,5,2021,15,3298
Luxembourg,27/05/2021,27,5,2021,12,2822
Luxembourg,28/05/2021,28,5,2021,12,3154
Luxembourg,29/05/2021,29,5,2021,11,3484
Luxembourg,30/05/2021,30,5,2021,8,3437
Luxembourg,31/05/2021,31,5,2021,7,3389
Luxembourg,1/06/2021,1,6,2021,5,3736
Luxembourg,2/06/2021,2,6,2021,3,4168
Luxembourg,3/06/2021,3,6,2021,3,6299
Luxembourg,4/06/2021,4,6,2021,3,6103
Luxembourg,5/06/2021,5,6,2021,2,5909
Luxembourg,6/06/2021,6,6,2021,2,6092
Luxembourg,7/06/2021,7,6,2021,2,6275
Luxembourg,8/06/2021,8,6,2021,3,6717
Luxembourg,9/06/2021,9,6,2021,2,7178
Luxembourg,10/06/2021,10,6,2021,1,5902
Luxembourg,11/06/2021,11,6,2021,1,6506
Luxembourg,12/06/2021,12,6,2021,1,6724
Luxembourg,13/06/2021,13,6,2021,1,6943
Luxembourg,14/06/2021,14,6,2021,2,7161
Luxembourg,15/06/2021,15,6,2021,2,6927
Luxembourg,16/06/2021,16,6,2021,2,6572
Luxembourg,17/06/2021,17,6,2021,2,6536
Luxembourg,18/06/2021,18,6,2021,2,6474
Luxembourg,19/06/2021,19,6,2021,2,6796
Luxembourg,20/06/2021,20,6,2021,2,7118
Luxembourg,21/06/2021,21,6,2021,2,7441
Luxembourg,22/06/2021,22,6,2021,2,7130
Luxembourg,23/06/2021,23,6,2021,2,6951
Luxembourg,24/06/2021,24,6,2021,2,6491
Luxembourg,25/06/2021,25,6,2021,1,6320
Luxembourg,26/06/2021,26,6,2021,1,5922
Luxembourg,27/06/2021,27,6,2021,1,5524
Luxembourg,28/06/2021,28,6,2021,1,5126
Luxembourg,29/06/2021,29,6,2021,1,5486
Luxembourg,30/06/2021,30,6,2021,1,7214
Luxembourg,1/07/2021,1,7,2021,1,7169
Luxembourg,2/07/2021,2,7,2021,1,6861
Luxembourg,3/07/2021,3,7,2021,1,6960
Luxembourg,4/07/2021,4,7,2021,1,7060
Luxembourg,5/07/2021,5,7,2021,1,7160
Luxembourg,6/07/2021,6,7,2021,1,7239
Luxembourg,7/07/2021,7,7,2021,1,5908
Luxembourg,8/07/2021,8,7,2021,1,6157
Luxembourg,9/07/2021,9,7,2021,1,6226
Luxembourg,10/07/2021,10,7,2021,1,5921
Luxembourg,11/07/2021,11,7,2021,2,5616
Luxembourg,12/07/2021,12,7,2021,2,5311
Luxembourg,13/07/2021,13,7,2021,3,5074
Luxembourg,14/07/2021,14,7,2021,4,4744
Luxembourg,15/07/2021,15,7,2021,5,5906
Luxembourg,16/07/2021,16,7,2021,4,5890
Luxembourg,17/07/2021,17,7,2021,5,6069
Luxembourg,18/07/2021,18,7,2021,5,6247
Luxembourg,19/07/2021,19,7,2021,6,6425
Luxembourg,20/07/2021,20,7,2021,6,5932
Luxembourg,21/07/2021,21,7,2021,6,5575
Luxembourg,22/07/2021,22,7,2021,5,4792
Luxembourg,23/07/2021,23,7,2021,3,4494
Luxembourg,24/07/2021,24,7,2021,3,4196
Luxembourg,25/07/2021,25,7,2021,2,3899
Luxembourg,26/07/2021,26,7,2021,3,3601
Luxembourg,27/07/2021,27,7,2021,3,3843
Luxembourg,28/07/2021,28,7,2021,3,4084
Luxembourg,29/07/2021,29,7,2021,5,3453
Luxembourg,30/07/2021,30,7,2021,6,3602
Luxembourg,31/07/2021,31,7,2021,6,3612
Luxembourg,1/08/2021,1,8,2021,7,3623
Luxembourg,2/08/2021,2,8,2021,7,3634
Luxembourg,3/08/2021,3,8,2021,5,3990
Luxembourg,4/08/2021,4,8,2021,5,3761
Luxembourg,5/08/2021,5,8,2021,5,3533
Luxembourg,6/08/2021,6,8,2021,6,3448
Luxembourg,7/08/2021,7,8,2021,6,3362
Luxembourg,8/08/2021,8,8,2021,7,3275
Luxembourg,9/08/2021,9,8,2021,6,3189
Luxembourg,10/08/2021,10,8,2021,6,2607
Luxembourg,11/08/2021,11,8,2021,6,2546
Luxembourg,12/08/2021,12,8,2021,6,2456
Luxembourg,13/08/2021,13,8,2021,6,2245
Luxembourg,14/08/2021,14,8,2021,6,2113
Luxembourg,15/08/2021,15,8,2021,6,1981
Luxembourg,16/08/2021,16,8,2021,6,1848
Luxembourg,17/08/2021,17,8,2021,5,1664
Luxembourg,18/08/2021,18,8,2021,5,1531
Luxembourg,19/08/2021,19,8,2021,3,1394
Luxembourg,20/08/2021,20,8,2021,3,1331
Luxembourg,21/08/2021,21,8,2021,4,1275
Luxembourg,22/08/2021,22,8,2021,5,1218
Luxembourg,23/08/2021,23,8,2021,5,1162
Luxembourg,24/08/2021,24,8,2021,5,1090
Luxembourg,25/08/2021,25,8,2021,5,1071
Luxembourg,26/08/2021,26,8,2021,5,1058
Luxembourg,27/08/2021,27,8,2021,8,1023
Malta,17/01/2021,17,1,2021,27,0
Malta,24/01/2021,24,1,2021,14,1192
Malta,31/01/2021,31,1,2021,10,1101
Malta,7/02/2021,7,2,2021,15,1643
Malta,14/02/2021,14,2,2021,3,1769
Malta,21/02/2021,21,2,2021,4,1825
Malta,28/02/2021,28,2,2021,11,2172
Malta,7/03/2021,7,3,2021,5,2606
Malta,14/03/2021,14,3,2021,9,3500
Malta,21/03/2021,21,3,2021,7,3367
Malta,28/03/2021,28,3,2021,2,4950
Malta,4/04/2021,4,4,2021,4,5016
Malta,11/04/2021,11,4,2021,7,4145
Malta,18/04/2021,18,4,2021,1,4543
Malta,25/04/2021,25,4,2021,3,5252
Malta,2/05/2021,2,5,2021,3,4090
Malta,9/05/2021,9,5,2021,0,5435
Malta,16/05/2021,16,5,2021,2,6339
Malta,23/05/2021,23,5,2021,0,7164
Malta,30/05/2021,30,5,2021,0,5884
Malta,6/06/2021,6,6,2021,0,5450
Malta,13/06/2021,13,6,2021,0,5099
Malta,20/06/2021,20,6,2021,0,5604
Malta,27/06/2021,27,6,2021,0,3702
Malta,4/07/2021,4,7,2021,1,4339
Malta,11/07/2021,11,7,2021,1,3119
Malta,18/07/2021,18,7,2021,0,2498
Malta,25/07/2021,25,7,2021,1,2883
Malta,1/08/2021,1,8,2021,5,2271
Malta,8/08/2021,8,8,2021,6,2070
Malta,15/08/2021,15,8,2021,4,1403
Malta,22/08/2021,22,8,2021,2,938
Netherlands,10/01/2021,10,1,2021,642,0
Netherlands,17/01/2021,17,1,2021,618,6170
Netherlands,24/01/2021,24,1,2021,595,12762
Netherlands,31/01/2021,31,1,2021,562,26479
Netherlands,7/02/2021,7,2,2021,503,31423
Netherlands,14/02/2021,14,2,2021,446,30977
Netherlands,21/02/2021,21,2,2021,431,35684
Netherlands,28/02/2021,28,2,2021,441,49242
Netherlands,7/03/2021,7,3,2021,457,42047
Netherlands,14/03/2021,14,3,2021,484,40732
Netherlands,21/03/2021,21,3,2021,507,30629
Netherlands,28/03/2021,28,3,2021,567,42573
Netherlands,4/04/2021,4,4,2021,631,64404
Netherlands,11/04/2021,11,4,2021,711,91907
Netherlands,18/04/2021,18,4,2021,725,115339
Netherlands,25/04/2021,25,4,2021,755,93419
Netherlands,2/05/2021,2,5,2021,741,98090
Netherlands,9/05/2021,9,5,2021,725,120565
Netherlands,16/05/2021,16,5,2021,646,144044
Netherlands,23/05/2021,23,5,2021,536,147515
Netherlands,30/05/2021,30,5,2021,442,144294
Netherlands,6/06/2021,6,6,2021,299,169206
Netherlands,13/06/2021,13,6,2021,180,237505
Netherlands,20/06/2021,20,6,2021,115,202886
Netherlands,27/06/2021,27,6,2021,68,204734
Netherlands,4/07/2021,4,7,2021,43,208736
Netherlands,11/07/2021,11,7,2021,40,159999
Netherlands,18/07/2021,18,7,2021,35,140609
Netherlands,25/07/2021,25,7,2021,73,105035
Netherlands,1/08/2021,1,8,2021,140,101744
Netherlands,8/08/2021,8,8,2021,177,107155
Netherlands,15/08/2021,15,8,2021,184,83094
Netherlands,22/08/2021,22,8,2021,184,23423
Romania,10/01/2021,10,1,2021,1106,13528
Romania,17/01/2021,17,1,2021,1101,13699
Romania,24/01/2021,24,1,2021,1005,34586
Romania,31/01/2021,31,1,2021,989,35019
Romania,7/02/2021,7,2,2021,984,23558
Romania,14/02/2021,14,2,2021,958,36808
Romania,21/02/2021,21,2,2021,936,37893
Romania,28/02/2021,28,2,2021,985,21950
Romania,7/03/2021,7,3,2021,1070,41988
Romania,14/03/2021,14,3,2021,1171,47683
Romania,21/03/2021,21,3,2021,1286,51564
Romania,28/03/2021,28,3,2021,1348,55949
Romania,4/04/2021,4,4,2021,1434,56354
Romania,11/04/2021,11,4,2021,1495,55957
Romania,18/04/2021,18,4,2021,1518,76054
Romania,25/04/2021,25,4,2021,1405,85784
Romania,2/05/2021,2,5,2021,1295,72791
Romania,9/05/2021,9,5,2021,1100,93436
Romania,16/05/2021,16,5,2021,829,106327
Romania,23/05/2021,23,5,2021,663,84068
Romania,30/05/2021,30,5,2021,485,68691
Romania,6/06/2021,6,6,2021,391,61364
Romania,13/06/2021,13,6,2021,265,42603
Romania,20/06/2021,20,6,2021,265,28515
Romania,27/06/2021,27,6,2021,125,20535
Romania,4/07/2021,4,7,2021,67,20743
Romania,11/07/2021,11,7,2021,57,14787
Romania,18/07/2021,18,7,2021,54,12118
Romania,25/07/2021,25,7,2021,33,14901
Romania,1/08/2021,1,8,2021,49,13580
Romania,8/08/2021,8,8,2021,72,12461
Romania,15/08/2021,15,8,2021,98,12569
Romania,22/08/2021,22,8,2021,153,11483
Slovakia,4/01/2021,4,1,2021,251,0
Slovakia,5/01/2021,5,1,2021,253,425
Slovakia,6/01/2021,6,1,2021,273,3309
Slovakia,7/01/2021,7,1,2021,267,4569
Slovakia,8/01/2021,8,1,2021,263,5186
Slovakia,9/01/2021,9,1,2021,268,4470
Slovakia,10/01/2021,10,1,2021,273,4233
Slovakia,11/01/2021,11,1,2021,276,4207
Slovakia,12/01/2021,12,1,2021,273,5672
Slovakia,13/01/2021,13,1,2021,274,5753
Slovakia,14/01/2021,14,1,2021,285,5806
Slovakia,15/01/2021,15,1,2021,295,5922
Slovakia,16/01/2021,16,1,2021,300,5870
Slovakia,17/01/2021,17,1,2021,303,5442
Slovakia,18/01/2021,18,1,2021,308,6082
Slovakia,19/01/2021,19,1,2021,305,5710
Slovakia,20/01/2021,20,1,2021,329,5871
Slovakia,21/01/2021,21,1,2021,331,5851
Slovakia,22/01/2021,22,1,2021,325,5697
Slovakia,23/01/2021,23,1,2021,326,5559
Slovakia,24/01/2021,24,1,2021,337,5551
Slovakia,25/01/2021,25,1,2021,337,5632
Slovakia,26/01/2021,26,1,2021,337,5511
Slovakia,27/01/2021,27,1,2021,326,5394
Slovakia,28/01/2021,28,1,2021,328,5758
Slovakia,29/01/2021,29,1,2021,343,6477
Slovakia,30/01/2021,30,1,2021,340,6636
Slovakia,31/01/2021,31,1,2021,330,6676
Slovakia,1/02/2021,1,2,2021,340,7056
Slovakia,2/02/2021,2,2,2021,335,7768
Slovakia,3/02/2021,3,2,2021,347,8431
Slovakia,4/02/2021,4,2,2021,357,9081
Slovakia,5/02/2021,5,2,2021,360,9545
Slovakia,6/02/2021,6,2,2021,365,9744
Slovakia,7/02/2021,7,2,2021,372,9729
Slovakia,8/02/2021,8,2,2021,373,9661
Slovakia,9/02/2021,9,2,2021,376,10039
Slovakia,10/02/2021,10,2,2021,381,10219
Slovakia,11/02/2021,11,2,2021,393,10128
Slovakia,12/02/2021,12,2,2021,414,9992
Slovakia,13/02/2021,13,2,2021,419,10210
Slovakia,14/02/2021,14,2,2021,430,11728
Slovakia,15/02/2021,15,2,2021,440,12048
Slovakia,16/02/2021,16,2,2021,466,11544
Slovakia,17/02/2021,17,2,2021,469,11353
Slovakia,18/02/2021,18,2,2021,504,10981
Slovakia,19/02/2021,19,2,2021,499,10851
Slovakia,20/02/2021,20,2,2021,491,11185
Slovakia,21/02/2021,21,2,2021,499,10543
Slovakia,22/02/2021,22,2,2021,500,10399
Slovakia,23/02/2021,23,2,2021,497,10596
Slovakia,24/02/2021,24,2,2021,517,10789
Slovakia,25/02/2021,25,2,2021,499,10773
Slovakia,26/02/2021,26,2,2021,509,10746
Slovakia,27/02/2021,27,2,2021,633,10969
Slovakia,28/02/2021,28,2,2021,584,10862
Slovakia,1/03/2021,1,3,2021,571,11237
Slovakia,2/03/2021,2,3,2021,569,11602
Slovakia,3/03/2021,3,3,2021,576,11678
Slovakia,4/03/2021,4,3,2021,591,11976
Slovakia,5/03/2021,5,3,2021,593,11977
Slovakia,6/03/2021,6,3,2021,604,13362
Slovakia,7/03/2021,7,3,2021,615,13942
Slovakia,8/03/2021,8,3,2021,593,13751
Slovakia,9/03/2021,9,3,2021,584,13054
Slovakia,10/03/2021,10,3,2021,573,12619
Slovakia,11/03/2021,11,3,2021,575,13363
Slovakia,12/03/2021,12,3,2021,573,14419
Slovakia,13/03/2021,13,3,2021,593,14734
Slovakia,14/03/2021,14,3,2021,609,15386
Slovakia,15/03/2021,15,3,2021,603,16054
Slovakia,16/03/2021,16,3,2021,615,17310
Slovakia,17/03/2021,17,3,2021,598,18690
Slovakia,18/03/2021,18,3,2021,596,19019
Slovakia,19/03/2021,19,3,2021,568,18996
Slovakia,20/03/2021,20,3,2021,586,19040
Slovakia,21/03/2021,21,3,2021,586,19161
Slovakia,22/03/2021,22,3,2021,565,19570
Slovakia,23/03/2021,23,3,2021,557,20086
Slovakia,24/03/2021,24,3,2021,559,20481
Slovakia,25/03/2021,25,3,2021,553,20403
Slovakia,26/03/2021,26,3,2021,539,20246
Slovakia,27/03/2021,27,3,2021,536,19492
Slovakia,28/03/2021,28,3,2021,534,18652
Slovakia,29/03/2021,29,3,2021,507,18480
Slovakia,30/03/2021,30,3,2021,524,18176
Slovakia,31/03/2021,31,3,2021,504,18152
Slovakia,1/04/2021,1,4,2021,502,18430
Slovakia,2/04/2021,2,4,2021,530,16345
Slovakia,3/04/2021,3,4,2021,530,15816
Slovakia,4/04/2021,4,4,2021,526,15094
Slovakia,5/04/2021,5,4,2021,518,12272
Slovakia,6/04/2021,6,4,2021,509,12193
Slovakia,7/04/2021,7,4,2021,486,12229
Slovakia,8/04/2021,8,4,2021,471,12415
Slovakia,9/04/2021,9,4,2021,456,15415
Slovakia,10/04/2021,10,4,2021,468,16795
Slovakia,11/04/2021,11,4,2021,461,19219
Slovakia,12/04/2021,12,4,2021,427,22349
Slovakia,13/04/2021,13,4,2021,428,22476
Slovakia,14/04/2021,14,4,2021,414,22241
Slovakia,15/04/2021,15,4,2021,394,22361
Slovakia,16/04/2021,16,4,2021,376,22468
Slovakia,17/04/2021,17,4,2021,384,23275
Slovakia,18/04/2021,18,4,2021,367,22039
Slovakia,19/04/2021,19,4,2021,358,21880
Slovakia,20/04/2021,20,4,2021,347,22080
Slovakia,21/04/2021,21,4,2021,350,22091
Slovakia,22/04/2021,22,4,2021,341,21876
Slovakia,23/04/2021,23,4,2021,318,21395
Slovakia,24/04/2021,24,4,2021,328,20620
Slovakia,25/04/2021,25,4,2021,321,21564
Slovakia,26/04/2021,26,4,2021,308,22138
Slovakia,27/04/2021,27,4,2021,313,21980
Slovakia,28/04/2021,28,4,2021,295,22101
Slovakia,29/04/2021,29,4,2021,283,22320
Slovakia,30/04/2021,30,4,2021,285,23044
Slovakia,1/05/2021,1,5,2021,285,24308
Slovakia,2/05/2021,2,5,2021,286,24526
Slovakia,3/05/2021,3,5,2021,285,24191
Slovakia,4/05/2021,4,5,2021,260,24696
Slovakia,5/05/2021,5,5,2021,253,24983
Slovakia,6/05/2021,6,5,2021,247,25230
Slovakia,7/05/2021,7,5,2021,238,25484
Slovakia,8/05/2021,8,5,2021,246,27464
Slovakia,9/05/2021,9,5,2021,241,29150
Slovakia,10/05/2021,10,5,2021,222,30423
Slovakia,11/05/2021,11,5,2021,216,31210
Slovakia,12/05/2021,12,5,2021,200,32011
Slovakia,13/05/2021,13,5,2021,189,32634
Slovakia,14/05/2021,14,5,2021,185,33567
Slovakia,15/05/2021,15,5,2021,186,33614
Slovakia,16/05/2021,16,5,2021,181,33593
Slovakia,17/05/2021,17,5,2021,172,33899
Slovakia,18/05/2021,18,5,2021,167,33893
Slovakia,19/05/2021,19,5,2021,157,34045
Slovakia,20/05/2021,20,5,2021,153,34772
Slovakia,21/05/2021,21,5,2021,146,35111
Slovakia,22/05/2021,22,5,2021,142,35600
Slovakia,23/05/2021,23,5,2021,142,35817
Slovakia,24/05/2021,24,5,2021,135,35732
Slovakia,25/05/2021,25,5,2021,128,35772
Slovakia,26/05/2021,26,5,2021,120,35504
Slovakia,27/05/2021,27,5,2021,112,35637
Slovakia,28/05/2021,28,5,2021,105,35007
Slovakia,29/05/2021,29,5,2021,97,35294
Slovakia,30/05/2021,30,5,2021,96,35759
Slovakia,31/05/2021,31,5,2021,95,35941
Slovakia,1/06/2021,1,6,2021,92,35724
Slovakia,2/06/2021,2,6,2021,85,35528
Slovakia,3/06/2021,3,6,2021,83,35146
Slovakia,4/06/2021,4,6,2021,76,35103
Slovakia,5/06/2021,5,6,2021,70,34764
Slovakia,6/06/2021,6,6,2021,70,34578
Slovakia,7/06/2021,7,6,2021,70,34420
Slovakia,8/06/2021,8,6,2021,65,34504
Slovakia,9/06/2021,9,6,2021,68,34611
Slovakia,10/06/2021,10,6,2021,64,34765
Slovakia,11/06/2021,11,6,2021,62,35041
Slovakia,12/06/2021,12,6,2021,70,34448
Slovakia,13/06/2021,13,6,2021,74,34570
Slovakia,14/06/2021,14,6,2021,69,34194
Slovakia,15/06/2021,15,6,2021,66,34078
Slovakia,16/06/2021,16,6,2021,66,34072
Slovakia,17/06/2021,17,6,2021,59,34260
Slovakia,18/06/2021,18,6,2021,51,34489
Slovakia,19/06/2021,19,6,2021,53,34934
Slovakia,20/06/2021,20,6,2021,52,35360
Slovakia,21/06/2021,21,6,2021,46,35742
Slovakia,22/06/2021,22,6,2021,52,36335
Slovakia,23/06/2021,23,6,2021,51,36484
Slovakia,24/06/2021,24,6,2021,51,36550
Slovakia,25/06/2021,25,6,2021,47,36546
Slovakia,26/06/2021,26,6,2021,51,35909
Slovakia,27/06/2021,27,6,2021,49,34550
Slovakia,28/06/2021,28,6,2021,50,33503
Slovakia,29/06/2021,29,6,2021,53,32849
Slovakia,30/06/2021,30,6,2021,53,32665
Slovakia,1/07/2021,1,7,2021,51,32149
Slovakia,2/07/2021,2,7,2021,47,31508
Slovakia,3/07/2021,3,7,2021,46,31499
Slovakia,4/07/2021,4,7,2021,48,30980
Slovakia,5/07/2021,5,7,2021,44,28499
Slovakia,6/07/2021,6,7,2021,41,28484
Slovakia,7/07/2021,7,7,2021,38,27934
Slovakia,8/07/2021,8,7,2021,37,26796
Slovakia,9/07/2021,9,7,2021,34,26383
Slovakia,10/07/2021,10,7,2021,33,24755
Slovakia,11/07/2021,11,7,2021,32,25218
Slovakia,12/07/2021,12,7,2021,29,27678
Slovakia,13/07/2021,13,7,2021,25,26413
Slovakia,14/07/2021,14,7,2021,26,25739
Slovakia,15/07/2021,15,7,2021,25,24870
Slovakia,16/07/2021,16,7,2021,27,23632
Slovakia,17/07/2021,17,7,2021,27,22171
Slovakia,18/07/2021,18,7,2021,27,19392
Slovakia,19/07/2021,19,7,2021,28,17520
Slovakia,20/07/2021,20,7,2021,28,16655
Slovakia,21/07/2021,21,7,2021,28,15594
Slovakia,22/07/2021,22,7,2021,29,14608
Slovakia,23/07/2021,23,7,2021,30,13957
Slovakia,24/07/2021,24,7,2021,31,12698
Slovakia,25/07/2021,25,7,2021,32,12985
Slovakia,26/07/2021,26,7,2021,30,12437
Slovakia,27/07/2021,27,7,2021,28,12080
Slovakia,28/07/2021,28,7,2021,29,12013
Slovakia,29/07/2021,29,7,2021,30,12281
Slovakia,30/07/2021,30,7,2021,29,12146
Slovakia,31/07/2021,31,7,2021,30,12631
Slovakia,1/08/2021,1,8,2021,29,12982
Slovakia,2/08/2021,2,8,2021,27,13298
Slovakia,3/08/2021,3,8,2021,28,13344
Slovakia,4/08/2021,4,8,2021,26,13719
Slovakia,5/08/2021,5,8,2021,24,13788
Slovakia,6/08/2021,6,8,2021,26,13729
Slovakia,7/08/2021,7,8,2021,27,13805
Slovakia,8/08/2021,8,8,2021,27,12785
Slovakia,9/08/2021,9,8,2021,28,12825
Slovakia,10/08/2021,10,8,2021,28,12881
Slovakia,11/08/2021,11,8,2021,29,12787
Slovakia,12/08/2021,12,8,2021,30,12508
Slovakia,13/08/2021,13,8,2021,29,12159
Slovakia,14/08/2021,14,8,2021,32,10915
Slovakia,15/08/2021,15,8,2021,34,10544
Slovakia,16/08/2021,16,8,2021,34,10287
Slovakia,17/08/2021,17,8,2021,37,9805
Slovakia,18/08/2021,18,8,2021,37,9336
Slovakia,19/08/2021,19,8,2021,38,8992
Slovakia,20/08/2021,20,8,2021,25,8722
Slovakia,21/08/2021,21,8,2021,25,8328
Slovakia,22/08/2021,22,8,2021,27,8295
Slovakia,23/08/2021,23,8,2021,23,7960
Slovakia,24/08/2021,24,8,2021,18,7786
Slovakia,25/08/2021,25,8,2021,16,7564
Slovakia,26/08/2021,26,8,2021,17,7012
Slovakia,27/08/2021,27,8,2021,17,5418
Slovenia,27/12/2020,27,12,2020,205,0
Slovenia,28/12/2020,28,12,2020,203,1644
Slovenia,29/12/2020,29,12,2020,201,1482
Slovenia,30/12/2020,30,12,2020,205,1124
Slovenia,31/12/2020,31,12,2020,191,1305
Slovenia,1/01/2021,1,1,2021,184,1074
Slovenia,2/01/2021,2,1,2021,184,962
Slovenia,3/01/2021,3,1,2021,186,904
Slovenia,4/01/2021,4,1,2021,191,824
Slovenia,5/01/2021,5,1,2021,184,987
Slovenia,6/01/2021,6,1,2021,187,1694
Slovenia,7/01/2021,7,1,2021,187,2213
Slovenia,8/01/2021,8,1,2021,188,2654
Slovenia,9/01/2021,9,1,2021,189,2632
Slovenia,10/01/2021,10,1,2021,200,2553
Slovenia,11/01/2021,11,1,2021,197,2467
Slovenia,12/01/2021,12,1,2021,189,2383
Slovenia,13/01/2021,13,1,2021,201,2291
Slovenia,14/01/2021,14,1,2021,196,2469
Slovenia,15/01/2021,15,1,2021,194,2711
Slovenia,16/01/2021,16,1,2021,189,2721
Slovenia,17/01/2021,17,1,2021,187,2721
Slovenia,18/01/2021,18,1,2021,180,2685
Slovenia,19/01/2021,19,1,2021,184,2731
Slovenia,20/01/2021,20,1,2021,178,2761
Slovenia,21/01/2021,21,1,2021,181,2481
Slovenia,22/01/2021,22,1,2021,183,2089
Slovenia,23/01/2021,23,1,2021,185,2146
Slovenia,24/01/2021,24,1,2021,184,2167
Slovenia,25/01/2021,25,1,2021,188,2135
Slovenia,26/01/2021,26,1,2021,181,2082
Slovenia,27/01/2021,27,1,2021,168,2104
Slovenia,28/01/2021,28,1,2021,169,2321
Slovenia,29/01/2021,29,1,2021,168,2663
Slovenia,30/01/2021,30,1,2021,161,2577
Slovenia,31/01/2021,31,1,2021,165,2556
Slovenia,1/02/2021,1,2,2021,171,2564
Slovenia,2/02/2021,2,2,2021,168,2464
Slovenia,3/02/2021,3,2,2021,163,2428
Slovenia,4/02/2021,4,2,2021,165,2593
Slovenia,5/02/2021,5,2,2021,161,2751
Slovenia,6/02/2021,6,2,2021,156,2820
Slovenia,7/02/2021,7,2,2021,157,2820
Slovenia,8/02/2021,8,2,2021,160,2868
Slovenia,9/02/2021,9,2,2021,159,2725
Slovenia,10/02/2021,10,2,2021,156,2497
Slovenia,11/02/2021,11,2,2021,155,2681
Slovenia,12/02/2021,12,2,2021,153,3111
Slovenia,13/02/2021,13,2,2021,146,3154
Slovenia,14/02/2021,14,2,2021,137,3158
Slovenia,15/02/2021,15,2,2021,134,3113
Slovenia,16/02/2021,16,2,2021,126,3256
Slovenia,17/02/2021,17,2,2021,127,3586
Slovenia,18/02/2021,18,2,2021,116,3631
Slovenia,19/02/2021,19,2,2021,115,3350
Slovenia,20/02/2021,20,2,2021,109,3584
Slovenia,21/02/2021,21,2,2021,103,3579
Slovenia,22/02/2021,22,2,2021,104,3635
Slovenia,23/02/2021,23,2,2021,107,3695
Slovenia,24/02/2021,24,2,2021,104,3902
Slovenia,25/02/2021,25,2,2021,103,4177
Slovenia,26/02/2021,26,2,2021,93,4326
Slovenia,27/02/2021,27,2,2021,95,4096
Slovenia,28/02/2021,28,2,2021,93,4096
Slovenia,1/03/2021,1,3,2021,91,4191
Slovenia,2/03/2021,2,3,2021,85,4280
Slovenia,3/03/2021,3,3,2021,82,4348
Slovenia,4/03/2021,4,3,2021,85,4401
Slovenia,5/03/2021,5,3,2021,84,4767
Slovenia,6/03/2021,6,3,2021,88,4915
Slovenia,7/03/2021,7,3,2021,88,4915
Slovenia,8/03/2021,8,3,2021,91,5010
Slovenia,9/03/2021,9,3,2021,90,5297
Slovenia,10/03/2021,10,3,2021,91,5621
Slovenia,11/03/2021,11,3,2021,89,6024
Slovenia,12/03/2021,12,3,2021,83,6496
Slovenia,13/03/2021,13,3,2021,84,7441
Slovenia,14/03/2021,14,3,2021,83,7441
Slovenia,15/03/2021,15,3,2021,87,7416
Slovenia,16/03/2021,16,3,2021,84,6973
Slovenia,17/03/2021,17,3,2021,83,6462
Slovenia,18/03/2021,18,3,2021,85,5883
Slovenia,19/03/2021,19,3,2021,88,5010
Slovenia,20/03/2021,20,3,2021,88,4387
Slovenia,21/03/2021,21,3,2021,93,4387
Slovenia,22/03/2021,22,3,2021,96,4316
Slovenia,23/03/2021,23,3,2021,97,4775
Slovenia,24/03/2021,24,3,2021,98,5318
Slovenia,25/03/2021,25,3,2021,106,5938
Slovenia,26/03/2021,26,3,2021,106,7159
Slovenia,27/03/2021,27,3,2021,104,7592
Slovenia,28/03/2021,28,3,2021,104,7772
Slovenia,29/03/2021,29,3,2021,110,7773
Slovenia,30/03/2021,30,3,2021,102,8297
Slovenia,31/03/2021,31,3,2021,108,8963
Slovenia,1/04/2021,1,4,2021,106,9678
Slovenia,2/04/2021,2,4,2021,116,9128
Slovenia,3/04/2021,3,4,2021,123,8537
Slovenia,4/04/2021,4,4,2021,123,8584
Slovenia,5/04/2021,5,4,2021,126,8422
Slovenia,6/04/2021,6,4,2021,133,7691
Slovenia,7/04/2021,7,4,2021,131,6480
Slovenia,8/04/2021,8,4,2021,129,5901
Slovenia,9/04/2021,9,4,2021,138,7043
Slovenia,10/04/2021,10,4,2021,140,7910
Slovenia,11/04/2021,11,4,2021,139,7916
Slovenia,12/04/2021,12,4,2021,141,8182
Slovenia,13/04/2021,13,4,2021,145,8329
Slovenia,14/04/2021,14,4,2021,153,9115
Slovenia,15/04/2021,15,4,2021,149,9697
Slovenia,16/04/2021,16,4,2021,152,8827
Slovenia,17/04/2021,17,4,2021,150,8393
Slovenia,18/04/2021,18,4,2021,152,8344
Slovenia,19/04/2021,19,4,2021,155,8464
Slovenia,20/04/2021,20,4,2021,156,8872
Slovenia,21/04/2021,21,4,2021,153,9612
Slovenia,22/04/2021,22,4,2021,154,9691
Slovenia,23/04/2021,23,4,2021,157,10201
Slovenia,24/04/2021,24,4,2021,159,9743
Slovenia,25/04/2021,25,4,2021,156,9657
Slovenia,26/04/2021,26,4,2021,156,9327
Slovenia,27/04/2021,27,4,2021,160,8433
Slovenia,28/04/2021,28,4,2021,154,7173
Slovenia,29/04/2021,29,4,2021,153,7075
Slovenia,30/04/2021,30,4,2021,152,7573
Slovenia,1/05/2021,1,5,2021,152,8183
Slovenia,2/05/2021,2,5,2021,151,8577
Slovenia,3/05/2021,3,5,2021,148,9664
Slovenia,4/05/2021,4,5,2021,143,11017
Slovenia,5/05/2021,5,5,2021,140,12452
Slovenia,6/05/2021,6,5,2021,140,13667
Slovenia,7/05/2021,7,5,2021,141,13792
Slovenia,8/05/2021,8,5,2021,127,14296
Slovenia,9/05/2021,9,5,2021,129,14060
Slovenia,10/05/2021,10,5,2021,132,13445
Slovenia,11/05/2021,11,5,2021,131,13492
Slovenia,12/05/2021,12,5,2021,127,14101
Slovenia,13/05/2021,13,5,2021,123,14265
Slovenia,14/05/2021,14,5,2021,124,14795
Slovenia,15/05/2021,15,5,2021,121,14849
Slovenia,16/05/2021,16,5,2021,120,15041
Slovenia,17/05/2021,17,5,2021,122,15730
Slovenia,18/05/2021,18,5,2021,113,16223
Slovenia,19/05/2021,19,5,2021,111,16412
Slovenia,20/05/2021,20,5,2021,111,16567
Slovenia,21/05/2021,21,5,2021,106,16805
Slovenia,22/05/2021,22,5,2021,98,16787
Slovenia,23/05/2021,23,5,2021,99,16774
Slovenia,24/05/2021,24,5,2021,96,16490
Slovenia,25/05/2021,25,5,2021,92,16043
Slovenia,26/05/2021,26,5,2021,85,15828
Slovenia,27/05/2021,27,5,2021,80,15739
Slovenia,28/05/2021,28,5,2021,79,15030
Slovenia,29/05/2021,29,5,2021,76,14981
Slovenia,30/05/2021,30,5,2021,77,14547
Slovenia,31/05/2021,31,5,2021,73,14602
Slovenia,1/06/2021,1,6,2021,68,15418
Slovenia,2/06/2021,2,6,2021,63,16468
Slovenia,3/06/2021,3,6,2021,62,17553
Slovenia,4/06/2021,4,6,2021,61,18761
Slovenia,5/06/2021,5,6,2021,53,19114
Slovenia,6/06/2021,6,6,2021,49,20023
Slovenia,7/06/2021,7,6,2021,51,20094
Slovenia,8/06/2021,8,6,2021,51,19863
Slovenia,9/06/2021,9,6,2021,47,18944
Slovenia,10/06/2021,10,6,2021,48,18333
Slovenia,11/06/2021,11,6,2021,46,17430
Slovenia,12/06/2021,12,6,2021,42,17109
Slovenia,13/06/2021,13,6,2021,44,16646
Slovenia,14/06/2021,14,6,2021,42,16512
Slovenia,15/06/2021,15,6,2021,40,15868
Slovenia,16/06/2021,16,6,2021,38,15031
Slovenia,17/06/2021,17,6,2021,37,13334
Slovenia,18/06/2021,18,6,2021,39,11873
Slovenia,19/06/2021,19,6,2021,37,10675
Slovenia,20/06/2021,20,6,2021,37,10440
Slovenia,21/06/2021,21,6,2021,35,10324
Slovenia,22/06/2021,22,6,2021,33,10367
Slovenia,23/06/2021,23,6,2021,29,10747
Slovenia,24/06/2021,24,6,2021,28,11441
Slovenia,25/06/2021,25,6,2021,26,9397
Slovenia,26/06/2021,26,6,2021,23,9624
Slovenia,27/06/2021,27,6,2021,22,9417
Slovenia,28/06/2021,28,6,2021,22,9500
Slovenia,29/06/2021,29,6,2021,19,9663
Slovenia,30/06/2021,30,6,2021,16,8884
Slovenia,1/07/2021,1,7,2021,15,8004
Slovenia,2/07/2021,2,7,2021,15,10044
Slovenia,3/07/2021,3,7,2021,15,9681
Slovenia,4/07/2021,4,7,2021,16,9680
Slovenia,5/07/2021,5,7,2021,15,9740
Slovenia,6/07/2021,6,7,2021,14,9293
Slovenia,7/07/2021,7,7,2021,10,9085
Slovenia,8/07/2021,8,7,2021,9,8614
Slovenia,9/07/2021,9,7,2021,9,8285
Slovenia,10/07/2021,10,7,2021,9,8245
Slovenia,11/07/2021,11,7,2021,9,8288
Slovenia,12/07/2021,12,7,2021,9,8254
Slovenia,13/07/2021,13,7,2021,10,8000
Slovenia,14/07/2021,14,7,2021,10,7772
Slovenia,15/07/2021,15,7,2021,10,7522
Slovenia,16/07/2021,16,7,2021,10,7368
Slovenia,17/07/2021,17,7,2021,10,7491
Slovenia,18/07/2021,18,7,2021,10,7452
Slovenia,19/07/2021,19,7,2021,10,7337
Slovenia,20/07/2021,20,7,2021,9,7246
Slovenia,21/07/2021,21,7,2021,8,7152
Slovenia,22/07/2021,22,7,2021,7,6760
Slovenia,23/07/2021,23,7,2021,8,6640
Slovenia,24/07/2021,24,7,2021,8,6570
Slovenia,25/07/2021,25,7,2021,8,6568
Slovenia,26/07/2021,26,7,2021,8,6553
Slovenia,27/07/2021,27,7,2021,7,6703
Slovenia,28/07/2021,28,7,2021,7,6548
Slovenia,29/07/2021,29,7,2021,8,6460
Slovenia,30/07/2021,30,7,2021,9,6239
Slovenia,31/07/2021,31,7,2021,9,6333
Slovenia,1/08/2021,1,8,2021,8,6332
Slovenia,2/08/2021,2,8,2021,9,6280
Slovenia,3/08/2021,3,8,2021,9,6089
Slovenia,4/08/2021,4,8,2021,8,5946
Slovenia,5/08/2021,5,8,2021,8,5829
Slovenia,6/08/2021,6,8,2021,7,5737
Slovenia,7/08/2021,7,8,2021,8,5549
Slovenia,8/08/2021,8,8,2021,7,5620
Slovenia,9/08/2021,9,8,2021,7,5483
Slovenia,10/08/2021,10,8,2021,7,5386
Slovenia,11/08/2021,11,8,2021,7,5183
Slovenia,12/08/2021,12,8,2021,7,5065
Slovenia,13/08/2021,13,8,2021,6,5058
Slovenia,14/08/2021,14,8,2021,7,5031
Slovenia,15/08/2021,15,8,2021,8,4972
Slovenia,16/08/2021,16,8,2021,9,5181
Slovenia,17/08/2021,17,8,2021,10,5423
Slovenia,18/08/2021,18,8,2021,8,5538
Slovenia,19/08/2021,19,8,2021,9,5515
Slovenia,20/08/2021,20,8,2021,11,5486
Slovenia,21/08/2021,21,8,2021,14,5513
Slovenia,22/08/2021,22,8,2021,16,5499
Slovenia,23/08/2021,23,8,2021,17,5375
Slovenia,24/08/2021,24,8,2021,18,5343
Slovenia,25/08/2021,25,8,2021,18,5248
Slovenia,26/08/2021,26,8,2021,18,5234
Slovenia,27/08/2021,27,8,2021,20,5152
Slovenia,28/08/2021,28,8,2021,20,5122
Spain,10/01/2021,10,1,2021,2318,46759
Spain,17/01/2021,17,1,2021,2953,70223
Spain,24/01/2021,24,1,2021,3908,54664
Spain,31/01/2021,31,1,2021,4727,53095
Spain,7/02/2021,7,2,2021,4795,70825
Spain,14/02/2021,14,2,2021,4351,65225
Spain,21/02/2021,21,2,2021,3739,75535
Spain,28/02/2021,28,2,2021,3021,105588
Spain,7/03/2021,7,3,2021,2571,126104
Spain,14/03/2021,14,3,2021,2185,122810
Spain,21/03/2021,21,3,2021,1958,95416
Spain,28/03/2021,28,3,2021,1830,166235
Spain,4/04/2021,4,4,2021,1847,177533
Spain,11/04/2021,11,4,2021,2050,279209
Spain,18/04/2021,18,4,2021,2180,296959
Spain,25/04/2021,25,4,2021,2297,290945
Spain,2/05/2021,2,5,2021,2302,351805
Spain,9/05/2021,9,5,2021,2183,378865
Spain,16/05/2021,16,5,2021,1899,354638
Spain,23/05/2021,23,5,2021,1650,317281
Spain,30/05/2021,30,5,2021,1426,327654
Spain,6/06/2021,6,6,2021,1162,454310
Spain,13/06/2021,13,6,2021,966,462137
Spain,20/06/2021,20,6,2021,793,444997
Spain,27/06/2021,27,6,2021,641,508066
Spain,4/07/2021,4,7,2021,586,577917
Spain,11/07/2021,11,7,2021,627,545385
Spain,18/07/2021,18,7,2021,871,493239
Spain,25/07/2021,25,7,2021,1292,432762
Spain,1/08/2021,1,8,2021,1698,362363
Spain,8/08/2021,8,8,2021,1928,330401
Spain,15/08/2021,15,8,2021,1922,329946
Spain,22/08/2021,22,8,2021,1818,310383
